SLNO,merge_identity,date_sampled,species,location,Sex,Age,BCS,PlateNo,NiVsG ,NiVsF,NiVN,HeVsG,CedVsG,EboVGP,MarVGP,MenVN,SARSN,MERSN,R-NiVsG,R-NiVsF,R-NiVN,R-HeVsG,R-CedVsG,R-EbovGP,R-MarVGP,R-MenVN,R-SARSN,R-MERSN
,,,,,,,,,,,,,,,,,,,,,,,,,,,,
1,SB-BD-001,08.02.2012,Cynopterus sphinx," Sadar,Faridpur",Female,Adult,Fair,1,103,88,126,65,110,114,91,250,131,188,,,,,,,,,,
,,,,,,,,,,,,,,,,,,,,,,,,,,,,
2,SB-BD-002,08.02.2012,Cynopterus sphinx," Sadar,Faridpur",Male ,Adult,Fair,1,324,124,135,110,100,84,117,1042,353,295,,,,,,,,,,
,,,,,,,,,,,,,,,,,,,,,,,,,,,,
3,SB-BD-003,08.02.2012,Cynopterus sphinx," Sadar,Faridpur",Male ,Adult,Fair,1,136,79,132,112,86,102,75,553,113,200,,,,,,,,,,
,,,,,,,,,,,,,,,,,,,,,,,,,,,,
4,SB-BD-004,09.02.2012,Cynopterus sphinx," Sadar,Faridpur",Male ,Adult,Good,1,8239,136,150,4934,389,4013,833,2102,133,386,2842,117,127,3371,179,2418,200,2269,105,151
,,,,,,,,,,,,,,,,,,,,,,,,,,,,
5,SB-BD-005,09.02.2012,Cynopterus sphinx," Sadar,Faridpur",Female,Adult,Good,1,154,167,272,116,114,165,127,622,305,754,,,,,,,,,,
,,,,,,,,,,,,,,,,,,,,,,,,,,,,
6,SB-BD-006,09.02.2012,Cynopterus sphinx," Sadar,Faridpur",Male ,Adult,Good,1,15342,138,161,9572,758,9545,645,1217,141,222,6088,176,107,7843,341,7071,319,1876,101,124
,,,,,,,,,,,,,,,,,,,,,,,,,,,,
7,SB-BD-007,09.02.2012,Cynopterus sphinx," Sadar,Faridpur",Female,Adult,Good,1,137,106,157,86,84,126,63,223,106,172,,,,,,,,,,
,,,,,,,,,,,,,,,,,,,,,,,,,,,,
8,SB-BD-008,09.02.2012,Cynopterus sphinx," Sadar,Faridpur",Female,Adult,Good,1,105,122,153,62,98,151,111,2222,120,349,,,,,,,,,,
,,,,,,,,,,,,,,,,,,,,,,,,,,,,
9,SB-BD-009,09.02.2012,Cynopterus sphinx," Sadar,Faridpur",Male ,Adult,Good,1,157,102,148,96,95,225,111,447,93,651,,,,,,,,,,
,,,,,,,,,,,,,,,,,,,,,,,,,,,,
10,SB-BD-010,09.02.2012,Cynopterus sphinx," Sadar,Faridpur",Female,Adult,Good,1,374,121,234,79,434,1355,104,793,159,389,150,132,186,126,175,448,75,926,172,194
,,,,,,,,,,,,,,,,,,,,,,,,,,,,
11,SB-BD-011,09.02.2012,Cynopterus sphinx," Sadar,Faridpur",Female,Adult,Good,1,140,96,104,64,107,182,65,1046,370,215,,,,,,,,,,
,,,,,,,,,,,,,,,,,,,,,,,,,,,,
12,SB-BD-012,09.02.2012,Cynopterus sphinx," Sadar,Faridpur",Female,Adult,Good,1,139,122,120,94,16316,132,77,1885,130,376,160,185,138,98,9153,122,74,1669,107,166
,,,,,,,,,,,,,,,,,,,,,,,,,,,,
13,SB-BD-013,09.02.2012,Cynopterus sphinx," Sadar,Faridpur",Female,Adult,Good,1,113,119,135,69,123,384,86,1383,89,412,,,,,,,,,,
,,,,,,,,,,,,,,,,,,,,,,,,,,,,
14,SB-BD-014,09.02.2012,Cynopterus sphinx," Sadar,Faridpur",Male ,Juvenile,Good,1,102,111,141,69,106,763,80,421,111,219,,,,,,,,,,
,,,,,,,,,,,,,,,,,,,,,,,,,,,,
15,SB-BD-015,09.02.2012,Cynopterus sphinx," Sadar,Faridpur",Male ,Juvenile,Fair,1,118,106,120,77,106,106,73,264,100,189,,,,,,,,,,
,,,,,,,,,,,,,,,,,,,,,,,,,,,,
16,SB-BD-016,10.02.2012,Cynopterus sphinx," Sadar,Faridpur",Male ,Juvenile,Fair,1,89,98,145,109,119,125,76,423,87,240,,,,,,,,,,
,,,,,,,,,,,,,,,,,,,,,,,,,,,,
17,SB-BD-017,10.02.2012,Cynopterus sphinx," Sadar,Faridpur",Female,Adult,Fair,1,144,88,125,96,94,100,103,343,94,163,,,,,,,,,,
,,,,,,,,,,,,,,,,,,,,,,,,,,,,
18,SB-BD-018,10.02.2012,Cynopterus sphinx," Sadar,Faridpur",Male ,Adult,Good,1,143,114,252,174,699,2644,108,3228,129,492,105,125,163,117,275,1587,88,2733,104,200
,,,,,,,,,,,,,,,,,,,,,,,,,,,,
19,SB-BD-019,10.02.2012,Cynopterus sphinx," Sadar,Faridpur",Female,Adult,Fair,1,126,94,123,94,121,127,89,2303,119,356,,,,,,,,,,
,,,,,,,,,,,,,,,,,,,,,,,,,,,,
20,SB-BD-020,10.02.2012,Cynopterus sphinx," Sadar,Faridpur",Male ,Adult,Good,1,141,194,266,76,146,224,109,764,229,2446,159,248,239,107,121,212,94,848,227,1722
,,,,,,,,,,,,,,,,,,,,,,,,,,,,
21,SB-BD-021,10.02.2012,Cynopterus sphinx," Sadar,Faridpur",Male ,Adult,Good,1,150,103,135,98,80,253,89,1562,124,7659,187,144,122,114,108,180,75,2167,105,3820
,,,,,,,,,,,,,,,,,,,,,,,,,,,,
22,SB-BD-022,10.02.2012,Cynopterus sphinx," Sadar,Faridpur",Male ,Juvenile,Fair,1,121,106,126,89,105,122,85,306,123,211,,,,,,,,,,
,,,,,,,,,,,,,,,,,,,,,,,,,,,,
23,SB-BD-023,10.02.2012,Cynopterus sphinx," Sadar,Faridpur",Male ,Adult,Fair,1,108,115,152,75,118,163,75,261,105,209,,,,,,,,,,
,,,,,,,,,,,,,,,,,,,,,,,,,,,,
24,SB-BD-024,10.02.2012,Cynopterus sphinx," Sadar,Faridpur",Male ,Adult,Good,1,156,193,218,84,114,924,99,622,129,303,,,,,,,,,,
,,,,,,,,,,,,,,,,,,,,,,,,,,,,
25,SB-BD-025,10.02.2012,Cynopterus sphinx," Sadar,Faridpur",Male ,Adult,Good,1,112,125,121,90,411,1851,55,510,138,232,127,163,125,100,232,1433,70,1154,136,162
,,,,,,,,,,,,,,,,,,,,,,,,,,,,
26,SB-BD-026,10.02.2012,Cynopterus sphinx," Sadar,Faridpur",Female,Adult,Good,1,700,126,161,247,122,371,112,252,112,604,,,,,,,,,,
,,,,,,,,,,,,,,,,,,,,,,,,,,,,
27,SB-BD-027,10.02.2012,Cynopterus sphinx," Sadar,Faridpur",Male ,Adult,Good,1,99,78,119,90,114,125,93,263,102,889,,,,,,,,,,
,,,,,,,,,,,,,,,,,,,,,,,,,,,,
28,SB-BD-028,11.02.2012,Rousettus leschenaultii," Sadar,Faridpur",Female,Adult,Good,1,114,62,137,133,114,442,87,2759,99,265,,,,,,,,,,
,,,,,,,,,,,,,,,,,,,,,,,,,,,,
29,SB-BD-029,11.02.2012,Rousettus leschenaultii," Sadar,Faridpur",Male ,Adult,Good,1,106,147,135,89,86,2646,142,2599,147,351,242,154,140,79,73,1418,86,2673,118,140
,,,,,,,,,,,,,,,,,,,,,,,,,,,,
30,SB-BD-030,11.02.2012,Rousettus leschenaultii," Sadar,Faridpur",Female,Adult,Good,1,686,147,120,273,114,469,305,4190,116,229,,,,,,,,,,
,,,,,,,,,,,,,,,,,,,,,,,,,,,,
31,SB-BD-031,11.02.2012,Rousettus leschenaultii," Sadar,Faridpur",Female,Adult,Good,1,163,128,214,93,115,513,140,2176,229,501,,,,,,,,,,
,,,,,,,,,,,,,,,,,,,,,,,,,,,,
32,SB-BD-032,11.02.2012,Rousettus leschenaultii," Sadar,Faridpur",Male ,Adult,Good,1,155,6099,389,65,105,188,239,9937,119,535,178,2109,255,117,99,140,112,8089,121,216
,,,,,,,,,,,,,,,,,,,,,,,,,,,,
33,SB-BD-033,11.02.2012,Rousettus leschenaultii," Sadar,Faridpur",Female,Adult,Fair,1,152,118,136,76,728,4774,288,5333,129,271,167,134,139,105,388,4024,157,5987,108,244
,,,,,,,,,,,,,,,,,,,,,,,,,,,,
34,SB-BD-034,11.02.2012,Rousettus leschenaultii," Sadar,Faridpur",Female,Adult,Good,1,113,88,152,91,103,274,537,3890,141,234,,,,,,,,,,
,,,,,,,,,,,,,,,,,,,,,,,,,,,,
35,SB-BD-035,11.02.2012,Rousettus leschenaultii," Sadar,Faridpur",Female,Adult,Fair,1,135,119,209,81,109,894,170,4779,173,984,,,,,,,,,,
,,,,,,,,,,,,,,,,,,,,,,,,,,,,
36,SB-BD-036,11.02.2012,Rousettus leschenaultii," Sadar,Faridpur",Female,Adult,Good,1,109,182,126,79,77,105,103,559,100,227,,,,,,,,,,
,,,,,,,,,,,,,,,,,,,,,,,,,,,,
37,SB-BD-037,11.02.2012,Rousettus leschenaultii," Sadar,Faridpur",Male ,Adult,Fair,1,142,98,122,83,103,145,97,2740,265,382,,,,,,,,,,
,,,,,,,,,,,,,,,,,,,,,,,,,,,,
38,SB-BD-038,11.02.2012,Rousettus leschenaultii," Sadar,Faridpur",Female,Adult,Fair,1,122,119,187,61,122,344,144,5641,152,258,,,,,,,,,,
,,,,,,,,,,,,,,,,,,,,,,,,,,,,
39,SB-BD-039,11.02.2012,Rousettus leschenaultii," Sadar,Faridpur",Male ,Adult,Good,1,110,118,138,80,119,384,113,2425,116,348,,,,,,,,,,
,,,,,,,,,,,,,,,,,,,,,,,,,,,,
40,SB-BD-040,11.02.2012,Rousettus leschenaultii," Sadar,Faridpur",Female,Adult,Fair,1,135,131,255,117,213,116,84,7072,236,334,,,,,,,,,,
,,,,,,,,,,,,,,,,,,,,,,,,,,,,
41,SB-BD-041,11.02.2012,Rousettus leschenaultii," Sadar,Faridpur",Female,Adult,Fair,1,133,99,124,73,134,317,69,3795,127,253,,,,,,,,,,
,,,,,,,,,,,,,,,,,,,,,,,,,,,,
42,SB-BD-042,11.02.2012,Rousettus leschenaultii," Sadar,Faridpur",Female,Adult,Fair,1,99,126,181,70,98,203,87,1643,228,279,,,,,,,,,,
,,,,,,,,,,,,,,,,,,,,,,,,,,,,
43,SB-BD-043,11.02.2012,Rousettus leschenaultii," Sadar,Faridpur",Female,Adult,Fair,1,136,89,146,80,104,102,83,2556,167,190,,,,,,,,,,
,,,,,,,,,,,,,,,,,,,,,,,,,,,,
44,SB-BD-044,11.02.2012,Rousettus leschenaultii," Sadar,Faridpur",Female,Adult,Fair,1,952,98,111,471,152,373,119,1040,106,212,,,,,,,,,,
,,,,,,,,,,,,,,,,,,,,,,,,,,,,
45,SB-BD-045,11.02.2012,Rousettus leschenaultii," Sadar,Faridpur",Female,Adult,Fair,1,90,112,143,76,106,238,83,3002,129,284,,,,,,,,,,
,,,,,,,,,,,,,,,,,,,,,,,,,,,,
46,SB-BD-058,26.04.2012,Cynopterus sphinx," Sadar,Faridpur",Male ,Adult,Good,1,145,120,121,93,97,77,69,272,130,204,,,,,,,,,,
,,,,,,,,,,,,,,,,,,,,,,,,,,,,
47,SB-BD-059,02.05.2012,Cynopterus sphinx," Sadar,Faridpur",Female,Adult,Fair,1,105,110,128,54,112,142,90,324,136,186,,,,,,,,,,
,,,,,,,,,,,,,,,,,,,,,,,,,,,,
48,SB-BD-060,02.05.2012,Cynopterus sphinx," Sadar,Faridpur",Male ,Adult,Good,1,159,81,141,92,127,153,79,1144,114,805,,,,,,,,,,
,,,,,,,,,,,,,,,,,,,,,,,,,,,,
49,SB-BD-061,02.05.2012,Cynopterus sphinx," Sadar,Faridpur",Male ,Adult,Fair,1,181,105,147,112,193,843,74,418,124,592,,,,,,,,,,
,,,,,,,,,,,,,,,,,,,,,,,,,,,,
280,SB-BD-062,21.05.2013,Megaderma lyra,"Mogalhat,Lalmonirhat",Female,Adult,Good,1,139,104,154,84,99,125,58,443,128,339,,,,,,,,,,
,,,,,,,,,,,,,,,,,,,,,,,,,,,,
281,SB-BD-063,21.05.2013,Megaderma lyra,"Mogalhat,Lalmonirhat",Female,Adult,Good,1,137,103,121,79,99,99,76,374,141,211,,,,,,,,,,
,,,,,,,,,,,,,,,,,,,,,,,,,,,,
282,SB-BD-064,21.05.2013,Megaderma lyra,"Mogalhat,Lalmonirhat",Male ,Adult,Good,1,122,92,106,68,84,113,68,260,205,219,,,,,,,,,,
,,,,,,,,,,,,,,,,,,,,,,,,,,,,
283,SB-BD-065,21.05.2013,Megaderma lyra,"Mogalhat,Lalmonirhat",Female,Adult,Good,1,115,95,152,90,120,215,88,319,116,299,,,,,,,,,,
,,,,,,,,,,,,,,,,,,,,,,,,,,,,
284,SB-BD-066,21.05.2013,Megaderma lyra,"Mogalhat,Lalmonirhat",Female,Adult,Good,1,105,99,100,63,125,1864,82,342,174,541,135,106,139,86,103,969,75,594,153,275
,,,,,,,,,,,,,,,,,,,,,,,,,,,,
285,SB-BD-067,21.05.2013,Megaderma lyra,"Mogalhat,Lalmonirhat",Female,Adult,Good,1,105,105,158,109,118,184,75,404,339,492,,,,,,,,,,
,,,,,,,,,,,,,,,,,,,,,,,,,,,,
286,SB-BD-068,21.05.2013,Megaderma lyra,"Mogalhat,Lalmonirhat",Female,Adult,Good,1,130,138,143,117,130,170,100,463,126,713,,,,,,,,,,
,,,,,,,,,,,,,,,,,,,,,,,,,,,,
50,SB-BD-071,15.07.2012,Cynopterus sphinx," Sadar,Faridpur",Female,Adult,Good,1,121,89,142,89,122,98,94,243,105,531,,,,,,,,,,
,,,,,,,,,,,,,,,,,,,,,,,,,,,,
51,SB-BD-072,15.07.2012,Cynopterus sphinx," Sadar,Faridpur",Male ,Adult,Good,1,236,119,202,165,197,233,132,4068,135,386,,,,,,,,,,
,,,,,,,,,,,,,,,,,,,,,,,,,,,,
52,SB-BD-073,15.07.2012,Cynopterus sphinx," Sadar,Faridpur",Male ,Adult,Good,1,121,131,154,107,129,281,88,2310,177,789,,,,,,,,,,
,,,,,,,,,,,,,,,,,,,,,,,,,,,,
53,SB-BD-074,15.07.2012,Cynopterus sphinx," Sadar,Faridpur",Male ,Adult,Good,1,127,84,126,92,88,668,77,232,102,202,,,,,,,,,,
,,,,,,,,,,,,,,,,,,,,,,,,,,,,
54,SB-BD-075,15.07.2012,Cynopterus sphinx," Sadar,Faridpur",Female,Adult,Good,1,151,98,178,67,93,180,81,647,116,839,,,,,,,,,,
,,,,,,,,,,,,,,,,,,,,,,,,,,,,
55,SB-BD-118,13.09.2012,Cynopterus sphinx,Sreemangal,Female,Adult,Good,1,141,107,150,83,125,128,88,874,140,306,,,,,,,,,,
,,,,,,,,,,,,,,,,,,,,,,,,,,,,
56,SB-BD-133,14.09.2012,Cynopterus sphinx,Sreemangal,Female,Adult,Good,1,111,73,144,74,105,94,75,297,105,193,,,,,,,,,,
,,,,,,,,,,,,,,,,,,,,,,,,,,,,
57,SB-BD-136,14.09.2012,Cynopterus sphinx,Sreemangal,Female,Adult,Good,1,120,100,132,100,114,99,93,462,117,190,,,,,,,,,,
,,,,,,,,,,,,,,,,,,,,,,,,,,,,
58,SB-BD-138,14.09.2012,Cynopterus sphinx,Sreemangal,Male ,Adult,Good,1,145,98,136,78,101,114,73,350,136,515,,,,,,,,,,
,,,,,,,,,,,,,,,,,,,,,,,,,,,,
59,SB-BD-143,14.09.2012,Cynopterus sphinx,Sreemangal,Female,Adult,Good,1,149,149,135,90,90,419,67,295,186,819,,,,,,,,,,
,,,,,,,,,,,,,,,,,,,,,,,,,,,,
60,SB-BD-144,14.09.2012,Cynopterus sphinx,Sreemangal,Female,Adult,Good,1,322,104,119,127,278,255,98,291,103,235,,,,,,,,,,
,,,,,,,,,,,,,,,,,,,,,,,,,,,,
61,SB-BD-145,14.09.2012,Cynopterus sphinx,Sreemangal,Female,Adult,Good,1,162,99,98,102,52,85,57,251,104,227,,,,,,,,,,
,,,,,,,,,,,,,,,,,,,,,,,,,,,,
62,SB-BD-148,01.10.2012,Cynopterus sphinx,"  sadar, Khagrachari",Male ,Adult,Good,1,125,98,148,87,116,166,127,302,112,247,,,,,,,,,,
,,,,,,,,,,,,,,,,,,,,,,,,,,,,
63,SB-BD-149,01.10.2012,Cynopterus sphinx,"  sadar, Khagrachari",Female,Adult,Good,1,117,99,103,57,132,102,65,358,97,250,,,,,,,,,,
,,,,,,,,,,,,,,,,,,,,,,,,,,,,
64,SB-BD-150,01.10.2012,Cynopterus sphinx,"  sadar, Khagrachari",Female,Adult,Good,1,133,93,106,66,109,98,64,253,75,183,,,,,,,,,,
,,,,,,,,,,,,,,,,,,,,,,,,,,,,
65,SB-BD-151,01.10.2012,Cynopterus sphinx,"  sadar, Khagrachari",Male ,Adult,Good,1,134,117,145,45,95,284,94,2139,144,1259,129,124,126,83,92,156,74,2115,135,310
,,,,,,,,,,,,,,,,,,,,,,,,,,,,
66,SB-BD-152,01.10.2012,Cynopterus sphinx,"  sadar, Khagrachari",Female,Adult,Good,1,114,87,131,78,107,295,70,527,122,543,,,,,,,,,,
,,,,,,,,,,,,,,,,,,,,,,,,,,,,
67,SB-BD-153,01.10.2012,Cynopterus sphinx,"  sadar, Khagrachari",Female,Adult,Good,1,138,94,150,94,86,272,90,770,130,620,,,,,,,,,,
,,,,,,,,,,,,,,,,,,,,,,,,,,,,
68,SB-BD-154,01.10.2012,Cynopterus sphinx,"  sadar, Khagrachari",Male ,Adult,Poor,1,142,98,114,93,95,111,87,235,136,213,,,,,,,,,,
,,,,,,,,,,,,,,,,,,,,,,,,,,,,
69,SB-BD-155,01.10.2012,Cynopterus sphinx,"  sadar, Khagrachari",Male ,Adult,Poor,1,95,105,116,62,101,96,55,279,124,283,,,,,,,,,,
,,,,,,,,,,,,,,,,,,,,,,,,,,,,
70,SB-BD-156,01.10.2012,Cynopterus sphinx,"  sadar, Khagrachari",Female,Adult,Good,1,135,100,112,103,118,125,67,432,131,269,,,,,,,,,,
,,,,,,,,,,,,,,,,,,,,,,,,,,,,
71,SB-BD-182,18.10.2012,Megaderma lyra,"Gangachara, Rangpur",Male ,Adult,Good,1,136,125,155,107,115,363,68,333,131,773,,,,,,,,,,
,,,,,,,,,,,,,,,,,,,,,,,,,,,,
72,SB-BD-183,18.10.2012,Megaderma lyra,"Gangachara, Rangpur",Male ,Adult,Good,1,132,128,147,176,96,180,101,287,131,301,,,,,,,,,,
,,,,,,,,,,,,,,,,,,,,,,,,,,,,
73,SB-BD-184,18.10.2012,Megaderma lyra,"Gangachara, Rangpur",Female,Adult,Good,1,264,144,193,184,149,376,147,447,226,8406,328,180,194,145,149,240,143,879,306,5218
,,,,,,,,,,,,,,,,,,,,,,,,,,,,
74,SB-BD-185,18.10.2012,Megaderma lyra,"Gangachara, Rangpur",Female,Adult,Good,1,142,99,121,106,70,116,61,637,95,254,,,,,,,,,,
,,,,,,,,,,,,,,,,,,,,,,,,,,,,
75,SB-BD-186,18.10.2012,Megaderma lyra,"Gangachara, Rangpur",Male ,Adult,Good,1,125,114,119,61,112,270,83,357,149,306,,,,,,,,,,
,,,,,,,,,,,,,,,,,,,,,,,,,,,,
76,SB-BD-187,18.10.2012,Megaderma lyra,"Gangachara, Rangpur",Female,Adult,Good,1,123,133,116,105,97,159,77,280,519,229,,,,,,,,,,
,,,,,,,,,,,,,,,,,,,,,,,,,,,,
77,SB-BD-188,18.10.2012,Megaderma lyra,"Gangachara, Rangpur",Male ,Adult,Good,1,139,112,132,110,96,126,90,471,143,461,,,,,,,,,,
,,,,,,,,,,,,,,,,,,,,,,,,,,,,
78,SB-BD-189,18.10.2012,Megaderma lyra,"Gangachara, Rangpur",Female,Adult,Good,1,132,84,146,63,233,142,85,303,96,547,,,,,,,,,,
,,,,,,,,,,,,,,,,,,,,,,,,,,,,
79,SB-BD-190,19.10.2012,Megaderma lyra,"Gangachara, Rangpur",Male ,Adult,Good,1,102,76,127,84,138,154,71,667,91,470,,,,,,,,,,
,,,,,,,,,,,,,,,,,,,,,,,,,,,,
80,SB-BD-191,19.10.2012,Megaderma lyra,"Gangachara, Rangpur",Female,Adult,Good,1,211,112,124,90,838,4817,74,1300,117,239,286,169,130,92,280,2630,87,2005,97,173
,,,,,,,,,,,,,,,,,,,,,,,,,,,,
81,SB-BD-192,19.10.2012,Megaderma lyra,"Gangachara, Rangpur",Female,Adult,Good,1,140,115,135,97,92,1020,71,3010,263,366,151,115,112,102,108,527,78,3785,162,150
,,,,,,,,,,,,,,,,,,,,,,,,,,,,
82,SB-BD-193,19.10.2012,Megaderma lyra,"Gangachara, Rangpur",Female,Adult,Good,2,130,113,120,117,113,821,97,673,182,663,,,,,,,,,,
,,,,,,,,,,,,,,,,,,,,,,,,,,,,
83,SB-BD-194,19.10.2012,Megaderma lyra,"Gangachara, Rangpur",Female,Adult,Good,2,141,108,142,5213,112,106,98,894,112,310,134,145,102,4108,106,89,84,715,109,133
,,,,,,,,,,,,,,,,,,,,,,,,,,,,
84,SB-BD-195,19.10.2012,Megaderma lyra,"Gangachara, Rangpur",Male ,Adult,Good,2,536,109,114,252,126,676,145,652,157,284,,,,,,,,,,
,,,,,,,,,,,,,,,,,,,,,,,,,,,,
85,SB-BD-196,19.10.2012,Megaderma lyra,"Gangachara, Rangpur",Female,Adult,Good,2,169,127,159,110,115,486,92,1881,177,528,,,,,,,,,,
,,,,,,,,,,,,,,,,,,,,,,,,,,,,
86,SB-BD-197,19.10.2012,Megaderma lyra,"Gangachara, Rangpur",Female,Adult,Good,2,179,124,225,134,156,217,86,1533,278,7961,184,146,170,100,137,181,84,1216,263,4212
,,,,,,,,,,,,,,,,,,,,,,,,,,,,
87,SB-BD-198,19.10.2012,Megaderma lyra,"Gangachara, Rangpur",Female,Adult,Good,2,144,85,232,130,132,3827,126,1216,484,4662,365,152,237,110,159,5914,100,1642,794,4687
,,,,,,,,,,,,,,,,,,,,,,,,,,,,
88,SB-BD-199,19.10.2012,Megaderma lyra,"Gangachara, Rangpur",Female,Adult,Good,2,126,116,242,103,127,154,95,692,145,229,,,,,,,,,,
,,,,,,,,,,,,,,,,,,,,,,,,,,,,
89,SB-BD-200,19.10.2012,Megaderma lyra,"Gangachara, Rangpur",Male ,Adult,Good,2,130,108,147,108,101,108,71,622,114,203,,,,,,,,,,
,,,,,,,,,,,,,,,,,,,,,,,,,,,,
287,SB-BD-201,23.05.2013,Megaderma lyra,"Kakoni,Lalmonirhat",Female,Adult,Good,2,95,162,204,128,126,617,84,915,264,549,,,,,,,,,,
,,,,,,,,,,,,,,,,,,,,,,,,,,,,
288,SB-BD-202,23.05.2013,Megaderma lyra,"Kakoni,Lalmonirhat",Female,Adult,Good,2,141,135,142,111,607,21205,101,916,123,320,286,97,131,94,207,15371,86,674,129,213
,,,,,,,,,,,,,,,,,,,,,,,,,,,,
289,SB-BD-203,23.05.2013,Megaderma lyra,"Kakoni,Lalmonirhat",Female,Adult,Good,2,168,128,161,117,2355,343,202,825,132,205,186,154,113,114,1258,232,119,617,104,152
,,,,,,,,,,,,,,,,,,,,,,,,,,,,
290,SB-BD-204,23.05.2013,Megaderma lyra,"Kakoni,Lalmonirhat",Female,Adult,Good,2,148,109,115,112,112,127,96,738,126,701,,,,,,,,,,
,,,,,,,,,,,,,,,,,,,,,,,,,,,,
291,SB-BD-205,23.05.2013,Megaderma lyra,"Kakoni,Lalmonirhat",Female,Adult,Good,2,104,131,158,96,138,164,98,1405,154,273,,,,,,,,,,
,,,,,,,,,,,,,,,,,,,,,,,,,,,,
292,SB-BD-206,23.05.2013,Megaderma lyra,"Kakoni,Lalmonirhat",Male ,Adult,Good,2,144,110,155,101,114,153,65,803,129,3871,124,132,135,97,96,104,82,716,115,1990
,,,,,,,,,,,,,,,,,,,,,,,,,,,,
293,SB-BD-207,23.05.2013,Megaderma lyra,"Kakoni,Lalmonirhat",Male ,Adult,Good,2,113,111,133,126,396,253,112,1054,153,573,,,,,,,,,,
,,,,,,,,,,,,,,,,,,,,,,,,,,,,
294,SB-BD-208,23.05.2013,Megaderma lyra,"Kakoni,Lalmonirhat",Male ,Adult,Good,2,175,124,143,105,169,5071,185,1005,181,398,116,133,120,82,81,3711,120,646,139,200
,,,,,,,,,,,,,,,,,,,,,,,,,,,,
295,SB-BD-209,23.05.2013,Megaderma lyra,"Kakoni,Lalmonirhat",Female,Adult,Good,2,114,96,150,102,124,428,121,2446,114,206,,,,,,,,,,
,,,,,,,,,,,,,,,,,,,,,,,,,,,,
296,SB-BD-210,23.05.2013,Megaderma lyra,"Kakoni,Lalmonirhat",Female,Adult,Good,2,133,172,479,142,136,937,91,1978,303,466,,,,,,,,,,
,,,,,,,,,,,,,,,,,,,,,,,,,,,,
297,SB-BD-211,23.05.2013,Megaderma lyra,"Kakoni,Lalmonirhat",Male ,Adult,Good,2,110,108,139,122,115,195,105,1005,162,357,,,,,,,,,,
,,,,,,,,,,,,,,,,,,,,,,,,,,,,
298,SB-BD-212,23.05.2013,Megaderma lyra,"Kakoni,Lalmonirhat",Male ,Adult,Good,2,141,120,146,126,85,239,93,1054,181,792,,,,,,,,,,
,,,,,,,,,,,,,,,,,,,,,,,,,,,,
299,SB-BD-213,23.05.2013,Megaderma lyra,"Kakoni,Lalmonirhat",Female,Adult,Good,2,131,108,157,95,129,110,98,734,115,280,,,,,,,,,,
,,,,,,,,,,,,,,,,,,,,,,,,,,,,
300,SB-BD-214,23.05.2013,Megaderma lyra,"Customs house,Lalmonirhat",Male ,Adult,Good,2,155,108,120,104,100,155,94,2046,279,270,,,,,,,,,,
,,,,,,,,,,,,,,,,,,,,,,,,,,,,
301,SB-BD-215,23.05.2013,Megaderma lyra,"Customs house,Lalmonirhat",Female,Adult,Good,2,139,88,120,114,110,105,88,710,112,151,,,,,,,,,,
,,,,,,,,,,,,,,,,,,,,,,,,,,,,
302,SB-BD-216,23.05.2013,Megaderma lyra,"Customs house,Lalmonirhat",Female,Adult,Good,2,149,102,121,105,139,204,87,1496,116,246,,,,,,,,,,
,,,,,,,,,,,,,,,,,,,,,,,,,,,,
303,SB-BD-217,23.05.2013,Megaderma lyra,"Customs house,Lalmonirhat",Female,Adult,Good,2,324,129,122,101,126,318,66,742,188,448,,,,,,,,,,
,,,,,,,,,,,,,,,,,,,,,,,,,,,,
304,SB-BD-218,23.05.2013,Megaderma lyra,"Customs house,Lalmonirhat",Male ,Adult,Good,2,141,111,127,113,94,124,75,718,417,412,,,,,,,,,,
,,,,,,,,,,,,,,,,,,,,,,,,,,,,
305,SB-BD-219,23.05.2013,Megaderma lyra,"Customs house,Lalmonirhat",Female,Adult,Good,2,160,144,120,948,109,157,60,711,112,322,,,,,,,,,,
,,,,,,,,,,,,,,,,,,,,,,,,,,,,
306,SB-BD-220,23.05.2013,Megaderma lyra,"Customs house,Lalmonirhat",Female,Adult,Good,2,159,129,158,141,143,314,115,975,179,300,,,,,,,,,,
,,,,,,,,,,,,,,,,,,,,,,,,,,,,
307,SB-BD-221,23.05.2013,Megaderma lyra,"Customs house,Lalmonirhat",Male ,Adult,Good,2,154,129,152,109,110,186,81,716,110,193,,,,,,,,,,
,,,,,,,,,,,,,,,,,,,,,,,,,,,,
308,SB-BD-222,23.05.2013,Megaderma lyra,"Customs house,Lalmonirhat",Female,Adult,Fair,2,82,63,148,84,113,586,93,1111,157,4948,186,123,145,95,103,508,76,880,149,2684
,,,,,,,,,,,,,,,,,,,,,,,,,,,,
310,SB-BD-224,23.05.2013,Megaderma lyra,"Customs house,Lalmonirhat",Male ,Adult,Good,2,142,107,145,123,136,145,94,683,155,303,,,,,,,,,,
,,,,,,,,,,,,,,,,,,,,,,,,,,,,
311,SB-BD-225,23.05.2013,Megaderma lyra,"Customs house,Lalmonirhat",Male ,Adult,Good,2,139,119,175,112,121,107,68,837,150,897,,,,,,,,,,
,,,,,,,,,,,,,,,,,,,,,,,,,,,,
312,SB-BD-226,23.05.2013,Megaderma lyra,"Customs house,Lalmonirhat",Male ,Adult,Good,2,128,129,144,100,110,172,94,734,143,273,,,,,,,,,,
,,,,,,,,,,,,,,,,,,,,,,,,,,,,
313,SB-BD-227,23.05.2013,Megaderma lyra,"Customs house,Lalmonirhat",Male ,Adult,Good,2,109,158,127,117,136,471,115,2210,166,223,,,,,,,,,,
,,,,,,,,,,,,,,,,,,,,,,,,,,,,
314,SB-BD-228,24.05.2013,Megaderma lyra,"Customs house,Lalmonirhat",Male ,Adult,Good,2,111,120,158,102,105,102,80,669,147,196,,,,,,,,,,
,,,,,,,,,,,,,,,,,,,,,,,,,,,,
315,SB-BD-229,24.05.2013,Megaderma lyra,"Customs house,Lalmonirhat",Male ,Adult,Good,2,145,121,123,107,136,215,97,660,141,246,,,,,,,,,,
,,,,,,,,,,,,,,,,,,,,,,,,,,,,
316,SB-BD-230,24.05.2013,Megaderma lyra,"Customs house,Lalmonirhat",Male ,Adult,Good,2,143,116,100,82,96,118,89,662,202,256,,,,,,,,,,
,,,,,,,,,,,,,,,,,,,,,,,,,,,,
317,SB-BD-231,24.05.2013,Megaderma lyra,"Customs house,Lalmonirhat",Male ,Adult,Good,2,144,141,107,112,119,133,94,853,142,303,,,,,,,,,,
,,,,,,,,,,,,,,,,,,,,,,,,,,,,
318,SB-BD-232,24.05.2013,Megaderma lyra,"Customs house,Lalmonirhat",Male ,Adult,Good,2,108,395,260,126,117,229,120,785,388,422,,,,,,,,,,
,,,,,,,,,,,,,,,,,,,,,,,,,,,,
319,SB-BD-233,24.05.2013,Megaderma lyra,"Customs house,Lalmonirhat",Male ,Adult,Good,2,120,98,97,124,118,154,62,1112,112,267,,,,,,,,,,
,,,,,,,,,,,,,,,,,,,,,,,,,,,,
320,SB-BD-234,24.05.2013,Megaderma lyra,"Customs house,Lalmonirhat",Male ,Adult,Good,2,146,69,120,109,131,102,107,613,111,236,,,,,,,,,,
,,,,,,,,,,,,,,,,,,,,,,,,,,,,
321,SB-BD-235,24.05.2013,Megaderma lyra,"Customs house,Lalmonirhat",Male ,Adult,Good,2,90,152,111,103,108,358,80,674,119,318,,,,,,,,,,
,,,,,,,,,,,,,,,,,,,,,,,,,,,,
322,SB-BD-236,24.05.2013,Megaderma lyra,"Customs house,Lalmonirhat",Male ,Adult,Good,2,119,82,114,104,128,117,75,656,162,284,,,,,,,,,,
,,,,,,,,,,,,,,,,,,,,,,,,,,,,
323,SB-BD-237,24.05.2013,Megaderma lyra,"Customs house,Lalmonirhat",Male ,Adult,Good,2,137,138,139,112,91,119,87,636,112,248,,,,,,,,,,
,,,,,,,,,,,,,,,,,,,,,,,,,,,,
324,SB-BD-238,24.05.2013,Megaderma lyra,"Customs house,Lalmonirhat",Male ,Adult,Good,2,106,164,166,170,100,218,91,704,173,299,,,,,,,,,,
,,,,,,,,,,,,,,,,,,,,,,,,,,,,
325,SB-BD-239,24.05.2013,Megaderma lyra,"Customs house,Lalmonirhat",Male ,Adult,Good,2,154,70,137,88,130,160,72,635,147,194,,,,,,,,,,
,,,,,,,,,,,,,,,,,,,,,,,,,,,,
326,SB-BD-240,24.05.2013,Megaderma lyra,"Customs house,Lalmonirhat",Male ,Adult,Good,2,113,90,134,93,138,90,98,659,119,234,,,,,,,,,,
,,,,,,,,,,,,,,,,,,,,,,,,,,,,
327,SB-BD-241,24.05.2013,Megaderma lyra,"Customs house,Lalmonirhat",Male ,Adult,Good,2,141,137,173,101,75,215,98,845,143,611,,,,,,,,,,
,,,,,,,,,,,,,,,,,,,,,,,,,,,,
328,SB-BD-242,24.05.2013,Megaderma lyra,"Customs house,Lalmonirhat",Male ,Adult,Good,2,161,150,121,118,96,231,80,730,197,538,,,,,,,,,,
,,,,,,,,,,,,,,,,,,,,,,,,,,,,
329,SB-BD-243,24.05.2013,Megaderma lyra,"Customs house,Lalmonirhat",Male ,Adult,Good,2,129,99,117,111,96,143,98,1285,141,657,,,,,,,,,,
,,,,,,,,,,,,,,,,,,,,,,,,,,,,
330,SB-BD-244,24.05.2013,Megaderma lyra,"Customs house,Lalmonirhat",Male ,Adult,Good,2,155,105,159,93,126,359,84,900,128,479,,,,,,,,,,
,,,,,,,,,,,,,,,,,,,,,,,,,,,,
90,SB0311-0201,19.10.2012,Megaderma lyra,"Gangachara, Rangpur",Female,Adult,Good,2,121,108,237,82,97,158,77,743,137,245,,,,,,,,,,
,,,,,,,,,,,,,,,,,,,,,,,,,,,,
91,SB0311-0202,19.10.2012,Megaderma lyra,"Gangachara, Rangpur",Male ,Adult,Good,2,85,75,139,104,332,135,74,1252,124,234,,,,,,,,,,
,,,,,,,,,,,,,,,,,,,,,,,,,,,,
92,SB0311-0203,19.10.2012,Megaderma lyra,"Gangachara, Rangpur",Female,Adult,Good,2,132,100,142,91,115,183,88,784,137,341,,,,,,,,,,
,,,,,,,,,,,,,,,,,,,,,,,,,,,,
93,SB0311-0204,19.10.2012,Megaderma lyra,"Gangachara, Rangpur",Female,Adult,Good,2,80,79,160,124,74,106,96,885,109,194,,,,,,,,,,
,,,,,,,,,,,,,,,,,,,,,,,,,,,,
94,SB0311-0205,19.10.2012,Megaderma lyra,"Gangachara, Rangpur",Female,Adult,Good,2,114,100,165,109,109,103,78,1096,151,363,,,,,,,,,,
,,,,,,,,,,,,,,,,,,,,,,,,,,,,
95,SB0311-0206,20.10.2012,Megaderma lyra,"Gangachara, Rangpur",Female,Adult,Good,2,136,91,116,112,143,916,51,737,150,449,,,,,,,,,,
,,,,,,,,,,,,,,,,,,,,,,,,,,,,
96,SB0311-0207,20.10.2012,Megaderma lyra,"Gangachara, Rangpur",Male ,Adult,Good,2,156,123,151,121,90,155,96,681,246,244,,,,,,,,,,
,,,,,,,,,,,,,,,,,,,,,,,,,,,,
97,SB0311-0208,20.10.2012,Megaderma lyra,"Gangachara, Rangpur",Male ,Adult,Good,2,129,121,140,106,93,114,75,757,138,1813,153,110,122,120,74,136,42,501,97,767
,,,,,,,,,,,,,,,,,,,,,,,,,,,,
98,SB0311-0209,20.10.2012,Megaderma lyra,"Gangachara, Rangpur",Female,Adult,Good,2,173,120,169,115,116,276,54,1283,353,3106,211,192,154,105,78,223,82,894,277,1443
,,,,,,,,,,,,,,,,,,,,,,,,,,,,
99,SB0311-0210,20.10.2012,Megaderma lyra,"Gangachara, Rangpur",Male ,Adult,Good,2,120,102,128,87,107,101,73,1531,122,288,,,,,,,,,,
,,,,,,,,,,,,,,,,,,,,,,,,,,,,
100,SB0311-0211,20.10.2012,Megaderma lyra,"Gangachara, Rangpur",Female,Adult,Good,2,116,133,106,121,106,102,85,769,97,387,,,,,,,,,,
,,,,,,,,,,,,,,,,,,,,,,,,,,,,
101,SB0311-0212,20.10.2012,Megaderma lyra,"Gangachara, Rangpur",Female,Adult,Good,2,121,107,114,103,183,234,86,655,104,235,,,,,,,,,,
,,,,,,,,,,,,,,,,,,,,,,,,,,,,
102,SB0311-0213,20.10.2012,Megaderma lyra,"Gangachara, Rangpur",Male ,Adult,Good,2,120,156,150,116,101,174,71,600,83,215,,,,,,,,,,
,,,,,,,,,,,,,,,,,,,,,,,,,,,,
103,SB0311-0214,20.10.2012,Megaderma lyra,"Gangachara, Rangpur",Female,Adult,Good,2,170,102,129,96,101,156,77,832,282,277,,,,,,,,,,
,,,,,,,,,,,,,,,,,,,,,,,,,,,,
104,SB0311-0215,20.10.2012,Megaderma lyra,"Gangachara, Rangpur",Male ,Adult,Good,2,141,118,124,121,101,148,72,711,107,238,,,,,,,,,,
,,,,,,,,,,,,,,,,,,,,,,,,,,,,
105,SB0311-0216,20.10.2012,Megaderma lyra,"Gangachara, Rangpur",Male ,Adult,Good,2,144,133,119,92,110,2537,98,886,204,397,167,121,131,113,94,2185,86,761,206,205
,,,,,,,,,,,,,,,,,,,,,,,,,,,,
106,SB0311-0217,20.10.2012,Megaderma lyra,"Gangachara, Rangpur",Male ,Adult,Good,2,148,120,2009,102,110,99,80,742,121,207,123,128,1847,105,67,111,76,662,102,146
,,,,,,,,,,,,,,,,,,,,,,,,,,,,
107,SB0311-0218,20.10.2012,Megaderma lyra,"Gangachara, Rangpur",Female,Adult,Good,2,147,101,152,94,99,78,45,763,94,209,,,,,,,,,,
,,,,,,,,,,,,,,,,,,,,,,,,,,,,
108,SB0311-0219,20.10.2012,Megaderma lyra,"Gangachara, Rangpur",Male ,Adult,Good,2,131,100,125,88,169,2822,71,741,111,268,296,125,114,105,135,2081,110,558,106,130
,,,,,,,,,,,,,,,,,,,,,,,,,,,,
109,SB0311-0220,20.10.2012,Megaderma lyra,"Gangachara, Rangpur",Female,Adult,Good,2,112,117,191,89,132,140,89,1029,92,199,,,,,,,,,,
,,,,,,,,,,,,,,,,,,,,,,,,,,,,
110,SB0311-0221,20.10.2012,Megaderma lyra,"Gangachara, Rangpur",Male ,Adult,Good,2,121,121,103,112,105,148,106,623,122,247,,,,,,,,,,
,,,,,,,,,,,,,,,,,,,,,,,,,,,,
111,SB0311-0222,20.10.2012,Megaderma lyra,"Gangachara, Rangpur",Female,Adult,Good,2,127,115,121,119,96,1561,109,667,136,194,143,136,116,82,99,1418,66,688,103,163
,,,,,,,,,,,,,,,,,,,,,,,,,,,,
112,SB0311-0223,20.10.2012,Megaderma lyra,"Gangachara, Rangpur",Male ,Adult,Good,2,120,130,109,89,178,100,64,667,128,205,,,,,,,,,,
,,,,,,,,,,,,,,,,,,,,,,,,,,,,
113,SB0311-0224,20.10.2012,Megaderma lyra,"Gangachara, Rangpur",Female,Adult,Good,2,109,102,106,97,106,227,83,696,111,184,,,,,,,,,,
,,,,,,,,,,,,,,,,,,,,,,,,,,,,
114,SB0311-0225,20.10.2012,Megaderma lyra,"Gangachara, Rangpur",Male ,Adult,Good,2,112,66,125,107,114,106,69,597,101,218,,,,,,,,,,
,,,,,,,,,,,,,,,,,,,,,,,,,,,,
115,SB0311-0226,20.10.2012,Megaderma lyra,"Gangachara, Rangpur",Female,Adult,Good,2,99,125,107,84,107,630,89,926,111,186,,,,,,,,,,
,,,,,,,,,,,,,,,,,,,,,,,,,,,,
116,SB0311-0227,20.10.2012,Megaderma lyra,"Gangachara, Rangpur",Male ,Adult,Good,2,122,110,118,94,110,424,60,826,113,245,,,,,,,,,,
,,,,,,,,,,,,,,,,,,,,,,,,,,,,
117,SB0311-0228,20.10.2012,Megaderma lyra,"Gangachara, Rangpur",Female,Adult,Good,2,118,112,82,98,63,109,65,688,125,191,,,,,,,,,,
,,,,,,,,,,,,,,,,,,,,,,,,,,,,
118,SB0311-0229,20.10.2012,Megaderma lyra,"Gangachara, Rangpur",Male ,Adult,Good,2,130,136,137,141,132,136,86,618,128,170,,,,,,,,,,
,,,,,,,,,,,,,,,,,,,,,,,,,,,,
119,SB0311-0230,20.10.2012,Megaderma lyra,"Gangachara, Rangpur",Female,Adult,Good,2,75,111,121,107,103,266,86,882,138,372,,,,,,,,,,
,,,,,,,,,,,,,,,,,,,,,,,,,,,,
120,SB0311-0231,20.10.2012,Megaderma lyra,"Gangachara, Rangpur",Female,Adult,Good,2,125,119,120,84,91,158,73,671,79,270,,,,,,,,,,
,,,,,,,,,,,,,,,,,,,,,,,,,,,,
121,SB0311-0240,18.11.2012,Cynopterus sphinx," kaijuri, Rajbari",Female,Adult,Good,2,93,121,118,94,104,93,70,617,95,237,,,,,,,,,,
,,,,,,,,,,,,,,,,,,,,,,,,,,,,
122,SB0311-0241,18.11.2012,Cynopterus sphinx," kaijuri, Rajbari",Male ,Adult,Good,2,113,78,120,97,105,139,88,668,108,169,,,,,,,,,,
,,,,,,,,,,,,,,,,,,,,,,,,,,,,
123,SB0311-0242,18.11.2012,Cynopterus sphinx," kaijuri, Rajbari",Female,Adult,Good,2,122,107,140,104,110,202,79,718,111,235,,,,,,,,,,
,,,,,,,,,,,,,,,,,,,,,,,,,,,,
124,SB0311-0243,18.11.2012,Cynopterus sphinx," kaijuri, Rajbari",Male ,Adult,Fair,2,135,72,66,85,79,82,81,612,89,133,,,,,,,,,,
,,,,,,,,,,,,,,,,,,,,,,,,,,,,
125,SB0311-0244,18.11.2012,Cynopterus sphinx," kaijuri, Rajbari",Male ,Adult,Good,3,136,125,127,101,85,106,114,1863,150,282,,,,,,,,,,
,,,,,,,,,,,,,,,,,,,,,,,,,,,,
126,SB0311-0245,18.11.2012,Cynopterus sphinx," kaijuri, Rajbari",Male ,Adult,Poor,3,127,105,94,131,105,88,76,461,123,149,,,,,,,,,,
,,,,,,,,,,,,,,,,,,,,,,,,,,,,
127,SB0311-0246,18.11.2012,Cynopterus sphinx," kaijuri, Rajbari",Male ,Adult,Good,3,139,129,181,127,123,99,88,739,128,1685,107,163,91,108,92,88,74,621,95,659
,,,,,,,,,,,,,,,,,,,,,,,,,,,,
128,SB0311-0247,18.11.2012,Cynopterus sphinx," kaijuri, Rajbari",Female,Adult,Good,3,147,134,163,109,128,89,88,957,114,155,,,,,,,,,,
,,,,,,,,,,,,,,,,,,,,,,,,,,,,
129,SB0311-0248,18.11.2012,Cynopterus sphinx," kaijuri, Rajbari",Female,Adult,Good,3,188,132,180,186,110,135,116,2776,116,632,,,,,,,,,,
,,,,,,,,,,,,,,,,,,,,,,,,,,,,
130,SB0311-0249,18.11.2012,Cynopterus sphinx," kaijuri, Rajbari",Male ,Adult,Fair,3,153,122,140,134,134,580,78,1221,135,311,,,,,,,,,,
,,,,,,,,,,,,,,,,,,,,,,,,,,,,
131,SB0311-0250,19.11.2012,Rousettus leschenaultii," kaijuri, Rajbari",Male ,Adult,Good,3,107,178,158,104,100,410,98,4602,170,542,,,,,,,,,,
,,,,,,,,,,,,,,,,,,,,,,,,,,,,
132,SB0311-0251,19.11.2012,Rousettus leschenaultii," kaijuri, Rajbari",Female,Adult,Good,3,124,166,149,132,2471,761,98,724,157,145,170,120,121,84,735,344,77,590,118,143
,,,,,,,,,,,,,,,,,,,,,,,,,,,,
133,SB0311-0252,19.11.2012,Rousettus leschenaultii," kaijuri, Rajbari",Male ,Adult,Good,3,143,122,135,122,4149,595,55,14336,150,284,185,135,123,106,1496,320,79,12528,124,174
,,,,,,,,,,,,,,,,,,,,,,,,,,,,
134,SB0311-0253,19.11.2012,Rousettus leschenaultii," kaijuri, Rajbari",Male ,Adult,Good,3,165,314,264,158,94,809,133,4821,187,348,,,,,,,,,,
,,,,,,,,,,,,,,,,,,,,,,,,,,,,
135,SB0311-0254,19.11.2012,Rousettus leschenaultii," kaijuri, Rajbari",Female,Adult,Fair,3,128,142,246,143,95,171,106,3543,118,1054,134,144,207,93,106,123,95,2549,117,610
,,,,,,,,,,,,,,,,,,,,,,,,,,,,
136,SB0311-0255,19.11.2012,Rousettus leschenaultii," kaijuri, Rajbari",Male ,Adult,Good,3,145,126,193,138,147,155,116,5151,125,172,,,,,,,,,,
,,,,,,,,,,,,,,,,,,,,,,,,,,,,
137,SB0311-0256,19.11.2012,Rousettus leschenaultii," kaijuri, Rajbari",Male ,Adult,Good,3,154,139,189,145,91,134,107,5672,267,153,,,,,,,,,,
,,,,,,,,,,,,,,,,,,,,,,,,,,,,
138,SB0311-0257,19.11.2012,Rousettus leschenaultii," kaijuri, Rajbari",Male ,Adult,Good,3,143,106,145,130,129,370,68,2502,167,164,,,,,,,,,,
,,,,,,,,,,,,,,,,,,,,,,,,,,,,
139,SB0311-0258,19.11.2012,Rousettus leschenaultii," kaijuri, Rajbari",Male ,Adult,Good,3,146,174,125,110,93,150,558,4173,165,740,,,,,,,,,,
,,,,,,,,,,,,,,,,,,,,,,,,,,,,
140,SB0311-0259,19.11.2012,Rousettus leschenaultii," kaijuri, Rajbari",Male ,Adult,Good,3,148,136,111,145,126,1964,342,5232,160,227,113,150,129,113,115,765,154,2840,105,161
,,,,,,,,,,,,,,,,,,,,,,,,,,,,
141,SB0311-0260,19.11.2012,Rousettus leschenaultii," kaijuri, Rajbari",Female,Adult,Fair,3,117,158,154,121,114,124,88,1370,114,216,,,,,,,,,,
,,,,,,,,,,,,,,,,,,,,,,,,,,,,
142,SB0311-0261,19.11.2012,Rousettus leschenaultii," kaijuri, Rajbari",Male ,Adult,Good,3,153,123,156,114,127,162,84,7204,102,172,,,,,,,,,,
,,,,,,,,,,,,,,,,,,,,,,,,,,,,
143,SB0311-0262,19.11.2012,Rousettus leschenaultii," kaijuri, Rajbari",Male ,Adult,Good,3,154,146,206,133,103,217,154,4631,128,474,,,,,,,,,,
,,,,,,,,,,,,,,,,,,,,,,,,,,,,
144,SB0311-0263,19.11.2012,Rousettus leschenaultii," kaijuri, Rajbari",Female,Adult,Good,3,132,124,121,138,177,930,123,3070,113,165,,,,,,,,,,
,,,,,,,,,,,,,,,,,,,,,,,,,,,,
145,SB0311-0264,19.11.2012,Rousettus leschenaultii," kaijuri, Rajbari",Male ,Adult,Good,3,128,150,236,124,100,1020,82,5309,108,288,121,132,179,101,83,420,75,3274,98,186
,,,,,,,,,,,,,,,,,,,,,,,,,,,,
146,SB0311-0265,19.11.2012,Rousettus leschenaultii," kaijuri, Rajbari",Male ,Adult,Good,3,114,110,165,140,118,94,69,550,102,209,,,,,,,,,,
,,,,,,,,,,,,,,,,,,,,,,,,,,,,
147,SB0311-0266,19.11.2012,Rousettus leschenaultii," kaijuri, Rajbari",Female,Adult,Good,3,151,596,752,127,153,257,136,11729,1588,997,142,239,298,111,86,119,92,8973,561,435
,,,,,,,,,,,,,,,,,,,,,,,,,,,,
148,SB0311-0267,19.11.2012,Rousettus leschenaultii," kaijuri, Rajbari",Male ,Adult,Good,3,127,256,362,131,248,1745,116,6869,210,322,162,133,193,110,73,1371,76,3972,140,216
,,,,,,,,,,,,,,,,,,,,,,,,,,,,
149,SB0311-0268,19.11.2012,Rousettus leschenaultii," kaijuri, Rajbari",Male ,Adult,Good,3,343,126,224,182,109,2678,163,1195,121,225,313,151,209,241,104,2558,189,1398,99,232
,,,,,,,,,,,,,,,,,,,,,,,,,,,,
150,SB0311-0269,19.11.2012,Rousettus leschenaultii," kaijuri, Rajbari",Female,Adult,Good,3,114,107,125,135,92,299,67,4736,112,179,,,,,,,,,,
,,,,,,,,,,,,,,,,,,,,,,,,,,,,
151,SB0311-0270,19.11.2012,Rousettus leschenaultii," kaijuri, Rajbari",Female,Adult,Good,3,150,147,132,113,100,482,100,3837,158,176,,,,,,,,,,
,,,,,,,,,,,,,,,,,,,,,,,,,,,,
152,SB0311-0271,19.11.2012,Rousettus leschenaultii," kaijuri, Rajbari",Female,Adult,Good,3,110,139,128,122,114,263,88,1822,611,576,,,,,,,,,,
,,,,,,,,,,,,,,,,,,,,,,,,,,,,
153,SB0311-0272,19.11.2012,Rousettus leschenaultii," kaijuri, Rajbari",Male ,Adult,Good,3,152,108,146,142,106,2409,70,3831,156,182,148,135,148,105,92,1491,90,2998,144,144
,,,,,,,,,,,,,,,,,,,,,,,,,,,,
154,SB0311-0273,22.12.2012,Megaderma lyra,"Piljong,Bagerhat",Male ,Adult,Fair,3,135,144,151,134,110,113,67,791,107,154,,,,,,,,,,
,,,,,,,,,,,,,,,,,,,,,,,,,,,,
155,SB0311-0274,22.12.2012,Megaderma lyra,"Piljong,Bagerhat",Male ,Adult,Good,3,145,124,166,124,117,134,85,776,220,190,,,,,,,,,,
,,,,,,,,,,,,,,,,,,,,,,,,,,,,
156,SB0311-0275,22.12.2012,Megaderma lyra,"Piljong,Bagerhat",Male ,Adult,Good,3,151,149,154,99,153,481,112,683,125,147,,,,,,,,,,
,,,,,,,,,,,,,,,,,,,,,,,,,,,,
157,SB0311-0276,22.12.2012,Megaderma lyra,"Piljong,Bagerhat",Male ,Adult,Good,3,150,130,135,121,164,163,106,817,132,292,,,,,,,,,,
,,,,,,,,,,,,,,,,,,,,,,,,,,,,
158,SB0311-0277,22.12.2012,Megaderma lyra,"Piljong,Bagerhat",Female,Adult,Good,3,137,134,115,121,132,112,60,586,105,118,,,,,,,,,,
,,,,,,,,,,,,,,,,,,,,,,,,,,,,
159,SB0311-0278,22.12.2012,Megaderma lyra,"Piljong,Bagerhat",Female,Adult,Good,3,159,132,108,106,91,146,70,589,188,244,,,,,,,,,,
,,,,,,,,,,,,,,,,,,,,,,,,,,,,
160,SB0311-0279,22.12.2012,Megaderma lyra,"Piljong,Bagerhat",Male ,Adult,Good,3,114,124,134,120,81,119,79,691,95,382,,,,,,,,,,
,,,,,,,,,,,,,,,,,,,,,,,,,,,,
161,SB0311-0280,22.12.2012,Megaderma lyra,"Piljong,Bagerhat",Male ,Adult,Good,3,150,114,140,112,198,240,84,699,111,501,,,,,,,,,,
,,,,,,,,,,,,,,,,,,,,,,,,,,,,
162,SB0311-0281,22.12.2012,Megaderma lyra,"Piljong,Bagerhat",Male ,Adult,Fair,3,152,166,148,125,200,129,71,832,148,585,,,,,,,,,,
,,,,,,,,,,,,,,,,,,,,,,,,,,,,
163,SB0311-0282,22.12.2012,Megaderma lyra,"Piljong,Bagerhat",Female,Adult,Good,3,127,103,119,153,97,169,49,612,110,165,,,,,,,,,,
,,,,,,,,,,,,,,,,,,,,,,,,,,,,
164,SB0311-0283,22.12.2012,Megaderma lyra,"Piljong,Bagerhat",Female,Adult,Good,3,146,139,131,132,94,90,60,4739,133,195,,,,,,,,,,
,,,,,,,,,,,,,,,,,,,,,,,,,,,,
165,SB0311-0284,22.12.2012,Megaderma lyra,"Piljong,Bagerhat",Female,Adult,Good,3,131,89,123,118,119,164,90,807,111,169,,,,,,,,,,
,,,,,,,,,,,,,,,,,,,,,,,,,,,,
166,SB0311-0285,22.12.2012,Megaderma lyra,"Piljong,Bagerhat",Female,Adult,Fair,3,147,120,138,129,101,120,71,574,191,135,,,,,,,,,,
,,,,,,,,,,,,,,,,,,,,,,,,,,,,
167,SB0311-0286,22.12.2012,Megaderma lyra,"Piljong,Bagerhat",Female,Adult,Fair,3,140,105,107,114,92,228,83,826,124,130,,,,,,,,,,
,,,,,,,,,,,,,,,,,,,,,,,,,,,,
168,SB0311-0287,22.12.2012,Megaderma lyra,"Piljong,Bagerhat",Female,Adult,Good,3,190,140,173,154,197,4668,96,838,311,310,567,115,165,151,122,4640,83,872,232,308
,,,,,,,,,,,,,,,,,,,,,,,,,,,,
169,SB0311-0288,23.12.2012,Rousettus leschenaultii,"Abhaynagar, Jessore",Female,Adult,Good,3,133,135,96,97,95,100,72,1842,112,145,,,,,,,,,,
,,,,,,,,,,,,,,,,,,,,,,,,,,,,
170,SB0311-0289,23.12.2012,Rousettus leschenaultii,"Abhaynagar, Jessore",Female,Adult,Good,3,124,124,127,136,96,95,87,608,113,163,,,,,,,,,,
,,,,,,,,,,,,,,,,,,,,,,,,,,,,
171,SB0311-0290,23.12.2012,Rousettus leschenaultii,"Abhaynagar, Jessore",Female,Juvenile,Good,3,138,119,131,142,102,116,99,566,109,105,,,,,,,,,,
,,,,,,,,,,,,,,,,,,,,,,,,,,,,
172,SB0311-0291,23.12.2012,Rousettus leschenaultii,"Abhaynagar, Jessore",Male ,Adult,Good,3,192,181,137,319,178,2869,66,4589,213,611,705,152,128,2087,184,2801,69,3720,157,509
,,,,,,,,,,,,,,,,,,,,,,,,,,,,
173,SB0311-0292,23.12.2012,Rousettus leschenaultii,"Abhaynagar, Jessore",Male ,Adult,Good,3,140,167,165,310,102,191,153,2279,508,429,,,,,,,,,,
,,,,,,,,,,,,,,,,,,,,,,,,,,,,
174,SB0311-0293,23.12.2012,Rousettus leschenaultii,"Abhaynagar, Jessore",Male ,Adult,Good,3,152,135,143,106,103,102,121,6598,120,428,,,,,,,,,,
,,,,,,,,,,,,,,,,,,,,,,,,,,,,
175,SB0311-0294,23.12.2012,Rousettus leschenaultii,"Abhaynagar, Jessore",Female,Adult,Good,3,108,159,119,115,109,141,80,3707,141,168,,,,,,,,,,
,,,,,,,,,,,,,,,,,,,,,,,,,,,,
176,SB0311-0295,23.12.2012,Rousettus leschenaultii,"Abhaynagar, Jessore",Male ,Adult,Good,3,137,139,8427,112,112,137,67,6281,125,279,160,127,9400,117,89,112,104,5776,151,290
,,,,,,,,,,,,,,,,,,,,,,,,,,,,
177,SB0311-0296,23.12.2012,Rousettus leschenaultii,"Abhaynagar, Jessore",Male ,Adult,Good,3,151,143,126,105,139,141,80,4593,188,121,,,,,,,,,,
,,,,,,,,,,,,,,,,,,,,,,,,,,,,
178,SB0311-0297,23.12.2012,Rousettus leschenaultii,"Abhaynagar, Jessore",Female,Adult,Good,3,160,107,119,102,88,104,148,959,301,129,,,,,,,,,,
,,,,,,,,,,,,,,,,,,,,,,,,,,,,
179,SB0311-0298,23.12.2012,Rousettus leschenaultii,"Abhaynagar, Jessore",Female,Adult,Fair,3,131,148,119,111,80,184,101,631,86,290,,,,,,,,,,
,,,,,,,,,,,,,,,,,,,,,,,,,,,,
180,SB0311-0299,23.12.2012,Rousettus leschenaultii,"Abhaynagar, Jessore",Male ,Juvenile,Good,3,127,200,135,99,78,78,79,863,153,125,,,,,,,,,,
,,,,,,,,,,,,,,,,,,,,,,,,,,,,
181,SB0311-0300,23.12.2012,Rousettus leschenaultii,"Abhaynagar, Jessore",Male ,Juvenile,Fair,3,142,123,134,110,123,85,110,1292,111,506,,,,,,,,,,
,,,,,,,,,,,,,,,,,,,,,,,,,,,,
182,SB0311-0301,23.12.2012,Rousettus leschenaultii,"Abhaynagar, Jessore",Male ,Adult,Good,3,152,560,123,110,106,269,129,2691,176,155,,,,,,,,,,
,,,,,,,,,,,,,,,,,,,,,,,,,,,,
183,SB0311-0302,23.12.2012,Rousettus leschenaultii,"Abhaynagar, Jessore",Female,Juvenile,Fair,3,134,120,124,114,93,82,82,626,133,122,,,,,,,,,,
,,,,,,,,,,,,,,,,,,,,,,,,,,,,
184,SB0311-0303,23.12.2012,Rousettus leschenaultii,"Abhaynagar, Jessore",Female,Adult,Good,3,146,140,159,133,108,119,80,2424,105,166,,,,,,,,,,
,,,,,,,,,,,,,,,,,,,,,,,,,,,,
185,SB0311-0304,23.12.2012,Rousettus leschenaultii,"Abhaynagar, Jessore",Female,Adult,Good,3,142,250,531,122,106,114,86,2754,437,367,,,,,,,,,,
,,,,,,,,,,,,,,,,,,,,,,,,,,,,
186,SB0311-0305,23.12.2012,Rousettus leschenaultii,"Abhaynagar, Jessore",Male ,Adult,Good,3,114,100,122,115,115,161,92,8235,1088,242,165,122,142,117,117,126,71,7110,1096,190
,,,,,,,,,,,,,,,,,,,,,,,,,,,,
187,SB0311-0306,23.12.2012,Rousettus leschenaultii,"Abhaynagar, Jessore",Male ,Adult,Good,3,135,139,224,133,116,198,148,5735,106,260,,,,,,,,,,
,,,,,,,,,,,,,,,,,,,,,,,,,,,,
188,SB0311-0307,23.12.2012,Rousettus leschenaultii,"Abhaynagar, Jessore",Female,Adult,Good,3,117,158,196,217,110,143,96,5846,157,145,,,,,,,,,,
,,,,,,,,,,,,,,,,,,,,,,,,,,,,
189,SB0311-0308,23.12.2012,Rousettus leschenaultii,"Abhaynagar, Jessore",Female,Adult,Good,3,176,128,207,165,118,451,98,5875,232,752,,,,,,,,,,
,,,,,,,,,,,,,,,,,,,,,,,,,,,,
190,SB0311-0309,23.12.2012,Rousettus leschenaultii,"Abhaynagar, Jessore",Male ,Adult,Good,3,202,163,191,135,85,219,119,5338,149,356,,,,,,,,,,
,,,,,,,,,,,,,,,,,,,,,,,,,,,,
191,SB0311-0310,23.12.2012,Rousettus leschenaultii,"Abhaynagar, Jessore",Female,Adult,Good,3,139,97,141,107,110,81,99,9281,121,1538,161,172,142,95,104,102,79,8294,141,1414
,,,,,,,,,,,,,,,,,,,,,,,,,,,,
192,SB0311-0311,23.12.2012,Rousettus leschenaultii,"Abhaynagar, Jessore",Male ,Adult,Good,3,141,145,156,113,83,135,199,2531,102,191,,,,,,,,,,
,,,,,,,,,,,,,,,,,,,,,,,,,,,,
193,SB0311-0312,23.12.2012,Rousettus leschenaultii,"Abhaynagar, Jessore",Female,Adult,Good,3,141,136,89,115,91,90,86,3556,105,140,,,,,,,,,,
,,,,,,,,,,,,,,,,,,,,,,,,,,,,
194,SB0311-0313,23.12.2012,Rousettus leschenaultii,"Abhaynagar, Jessore",Male ,Adult,Good,3,159,284,293,179,130,392,144,5989,168,1402,215,310,329,112,124,420,222,5588,213,1467
,,,,,,,,,,,,,,,,,,,,,,,,,,,,
195,SB0311-0314,23.12.2012,Rousettus leschenaultii,"Abhaynagar, Jessore",Female,Adult,Good,3,144,97,122,119,108,105,56,816,137,137,,,,,,,,,,
,,,,,,,,,,,,,,,,,,,,,,,,,,,,
196,SB0311-0315,23.12.2012,Rousettus leschenaultii,"Abhaynagar, Jessore",Male ,Adult,Good,3,137,307,210,113,169,421,93,7566,91,113,,,,,,,,,,
,,,,,,,,,,,,,,,,,,,,,,,,,,,,
197,SB0311-0316,23.12.2012,Rousettus leschenaultii,"Abhaynagar, Jessore",Male ,Juvenile,Good,3,114,214,237,98,109,92,90,771,229,1436,191,293,267,112,102,132,127,769,330,1772
,,,,,,,,,,,,,,,,,,,,,,,,,,,,
198,SB0311-0317,23.12.2012,Rousettus leschenaultii,"Abhaynagar, Jessore",Female,Adult,Fair,3,477,173,379,308,99,401,82,4102,541,604,,,,,,,,,,
,,,,,,,,,,,,,,,,,,,,,,,,,,,,
199,SB0311-0318,23.12.2012,Rousettus leschenaultii,"Abhaynagar, Jessore",Female,Adult,Fair,3,136,109,112,117,106,283,60,5550,89,126,,,,,,,,,,
,,,,,,,,,,,,,,,,,,,,,,,,,,,,
200,SB0311-0319,23.12.2012,Rousettus leschenaultii,"Abhaynagar, Jessore",Female,Adult,Good,3,138,221,146,197,111,323,101,2094,181,813,,,,,,,,,,
,,,,,,,,,,,,,,,,,,,,,,,,,,,,
201,SB0311-0320,24.12.2012,Rousettus leschenaultii,"Abhaynagar, Jessore",Male ,Adult,Good,3,112,135,156,200,121,169,85,7424,422,285,,,,,,,,,,
,,,,,,,,,,,,,,,,,,,,,,,,,,,,
202,SB0311-0321,24.12.2012,Rousettus leschenaultii,"Abhaynagar, Jessore",Male ,Adult,Good,3,134,137,141,128,104,1013,93,3973,153,236,152,144,143,102,82,1112,62,3742,183,217
,,,,,,,,,,,,,,,,,,,,,,,,,,,,
203,SB0311-0322,24.12.2012,Rousettus leschenaultii,"Abhaynagar, Jessore",Male ,Adult,Good,3,134,125,217,120,98,157,91,6311,155,209,,,,,,,,,,
,,,,,,,,,,,,,,,,,,,,,,,,,,,,
204,SB0311-0323,24.12.2012,Rousettus leschenaultii,"Abhaynagar, Jessore",Female,Adult,Good,3,136,348,295,128,121,100,122,4589,375,641,,,,,,,,,,
,,,,,,,,,,,,,,,,,,,,,,,,,,,,
205,SB0311-0324,24.12.2012,Rousettus leschenaultii,"Abhaynagar, Jessore",Female,Juvenile,Good,3,143,146,139,134,104,127,90,551,149,924,,,,,,,,,,
,,,,,,,,,,,,,,,,,,,,,,,,,,,,
206,SB0311-0325,24.12.2012,Rousettus leschenaultii,"Abhaynagar, Jessore",Female,Adult,Good,3,122,117,114,114,118,86,42,5125,103,559,,,,,,,,,,
,,,,,,,,,,,,,,,,,,,,,,,,,,,,
207,SB0311-0326,24.12.2012,Rousettus leschenaultii,"Abhaynagar, Jessore",Female,Adult,Good,3,155,150,233,136,105,102,81,1521,136,754,,,,,,,,,,
,,,,,,,,,,,,,,,,,,,,,,,,,,,,
208,SB0311-0327,24.12.2012,Rousettus leschenaultii,"Abhaynagar, Jessore",Male ,Adult,Good,3,148,115,118,118,100,187,98,8202,83,123,,,,,,,,,,
,,,,,,,,,,,,,,,,,,,,,,,,,,,,
209,SB0311-0328,24.12.2012,Rousettus leschenaultii,"Abhaynagar, Jessore",Male ,Juvenile,Good,3,146,130,110,108,76,55,117,1085,137,271,,,,,,,,,,
,,,,,,,,,,,,,,,,,,,,,,,,,,,,
210,SB0311-0329,24.12.2012,Rousettus leschenaultii,"Abhaynagar, Jessore",Male ,Juvenile,Good,3,125,113,119,110,78,189,95,2485,658,160,,,,,,,,,,
,,,,,,,,,,,,,,,,,,,,,,,,,,,,
211,SB0311-0330,24.12.2012,Rousettus leschenaultii,"Abhaynagar, Jessore",Male ,Adult,Good,3,108,197,148,129,74,102,43,2808,138,196,,,,,,,,,,
,,,,,,,,,,,,,,,,,,,,,,,,,,,,
212,SB0311-0331,24.12.2012,Rousettus leschenaultii,"Abhaynagar, Jessore",Male ,Adult,Good,3,121,111,167,122,100,148,91,11877,186,204,,,,,,,,,,
,,,,,,,,,,,,,,,,,,,,,,,,,,,,
213,SB0311-0332,24.12.2012,Rousettus leschenaultii,"Abhaynagar, Jessore",Female,Adult,Good,4,155,154,148,109,104,121,101,2978,102,184,,,,,,,,,,
,,,,,,,,,,,,,,,,,,,,,,,,,,,,
214,SB0311-0333,24.12.2012,Rousettus leschenaultii,"Abhaynagar, Jessore",Male ,Adult,Good,4,148,289,335,127,129,161,94,1917,456,512,,,,,,,,,,
,,,,,,,,,,,,,,,,,,,,,,,,,,,,
215,SB0311-0334,24.12.2012,Rousettus leschenaultii,"Abhaynagar, Jessore",Male ,Adult,Good,4,137,138,137,127,328,107,1106,2651,134,326,323,175,141,111,95,122,1281,2878,112,347
,,,,,,,,,,,,,,,,,,,,,,,,,,,,
216,SB0311-0335,24.12.2012,Rousettus leschenaultii,"Abhaynagar, Jessore",Male ,Adult,Good,4,122,174,210,128,120,163,77,5692,247,228,,,,,,,,,,
,,,,,,,,,,,,,,,,,,,,,,,,,,,,
217,SB0311-0336,24.12.2012,Rousettus leschenaultii,"Abhaynagar, Jessore",Female,Adult,Good,4,132,141,174,121,98,179,410,4246,106,171,,,,,,,,,,
,,,,,,,,,,,,,,,,,,,,,,,,,,,,
218,SB0311-0337,24.12.2012,Rousettus leschenaultii,"Abhaynagar, Jessore",Female,Adult,Good,4,136,147,129,116,76,62,57,10476,94,129,,,,,,,,,,
,,,,,,,,,,,,,,,,,,,,,,,,,,,,
219,SB0311-0338,24.12.2012,Rousettus leschenaultii,"Abhaynagar, Jessore",Female,Adult,Good,4,143,244,146,129,104,252,129,3974,114,174,,,,,,,,,,
,,,,,,,,,,,,,,,,,,,,,,,,,,,,
220,SB0311-0339,24.12.2012,Rousettus leschenaultii,"Abhaynagar, Jessore",Male ,Adult,Good,4,130,180,146,136,128,146,91,5431,146,354,,,,,,,,,,
,,,,,,,,,,,,,,,,,,,,,,,,,,,,
221,SB0311-0340,24.12.2012,Rousettus leschenaultii,"Abhaynagar, Jessore",Male ,Adult,Good,4,128,118,107,122,98,110,66,1209,123,181,,,,,,,,,,
,,,,,,,,,,,,,,,,,,,,,,,,,,,,
222,SB0311-0341,24.12.2012,Rousettus leschenaultii,"Abhaynagar, Jessore",Male ,Adult,Good,4,118,169,143,110,222,114,83,8453,669,171,,,,,,,,,,
,,,,,,,,,,,,,,,,,,,,,,,,,,,,
223,SB0311-0342,24.12.2012,Rousettus leschenaultii,"Abhaynagar, Jessore",Female,Adult,Good,4,136,162,116,117,124,108,439,3055,410,145,,,,,,,,,,
,,,,,,,,,,,,,,,,,,,,,,,,,,,,
224,SB0311-0343,24.12.2012,Rousettus leschenaultii,"Abhaynagar, Jessore",Male ,Adult,Good,4,128,329,139,113,82,432,93,10813,132,140,,,,,,,,,,
,,,,,,,,,,,,,,,,,,,,,,,,,,,,
225,SB0311-0344,24.12.2012,Rousettus leschenaultii,"Abhaynagar, Jessore",Female,Adult,Good,4,187,165,154,157,147,346,532,4000,111,267,,,,,,,,,,
,,,,,,,,,,,,,,,,,,,,,,,,,,,,
226,SB0311-0345,24.12.2012,Rousettus leschenaultii,"Abhaynagar, Jessore",Female,Adult,Good,4,1242,123,134,1162,142,514,156,6496,135,146,851,149,145,1905,119,704,170,5601,137,144
,,,,,,,,,,,,,,,,,,,,,,,,,,,,
227,SB0311-0346,24.12.2012,Rousettus leschenaultii,"Abhaynagar, Jessore",Female,Adult,Good,4,125,164,183,109,112,329,76,7928,202,167,,,,,,,,,,
,,,,,,,,,,,,,,,,,,,,,,,,,,,,
228,SB0311-0347,24.12.2012,Rousettus leschenaultii,"Abhaynagar, Jessore",Female,Adult,Good,4,140,129,109,122,83,145,74,4941,109,144,,,,,,,,,,
,,,,,,,,,,,,,,,,,,,,,,,,,,,,
229,SB0311-0348,24.12.2012,Rousettus leschenaultii,"Abhaynagar, Jessore",Male ,Adult,Good,4,135,143,160,132,91,151,78,2588,129,161,,,,,,,,,,
,,,,,,,,,,,,,,,,,,,,,,,,,,,,
230,SB0311-0451,21.05.2013,Megaderma lyra,"Mogalhat,Lalmonirhat",Male ,Adult,Good,4,144,166,149,118,110,127,81,1320,102,424,,,,,,,,,,
,,,,,,,,,,,,,,,,,,,,,,,,,,,,
231,SB0311-0452,21.05.2013,Megaderma lyra,"Mogalhat,Lalmonirhat",Female,Adult,Good,4,151,150,123,116,141,319,74,977,610,185,,,,,,,,,,
,,,,,,,,,,,,,,,,,,,,,,,,,,,,
232,SB0311-0453,21.05.2013,Megaderma lyra,"Mogalhat,Lalmonirhat",Female,Adult,Good,4,165,154,169,113,106,347,125,2015,199,274,,,,,,,,,,
,,,,,,,,,,,,,,,,,,,,,,,,,,,,
233,SB0311-0454,21.05.2013,Megaderma lyra,"Mogalhat,Lalmonirhat",Female,Adult,Good,4,157,130,113,142,123,186,90,1426,143,166,,,,,,,,,,
,,,,,,,,,,,,,,,,,,,,,,,,,,,,
234,SB0311-0455,21.05.2013,Megaderma lyra,"Mogalhat,Lalmonirhat",Male ,Adult,Good,4,133,166,133,120,95,796,96,1489,151,786,,,,,,,,,,
,,,,,,,,,,,,,,,,,,,,,,,,,,,,
235,SB0311-0456,21.05.2013,Megaderma lyra,"Mogalhat,Lalmonirhat",Female,Adult,Good,4,143,163,154,26208,1851,199,110,1714,184,805,279,176,164,26777,1111,180,110,1949,147,1018
,,,,,,,,,,,,,,,,,,,,,,,,,,,,
236,SB0311-0457,21.05.2013,Megaderma lyra,"Mogalhat,Lalmonirhat",Male ,Adult,Good,4,147,191,193,129,130,150,102,2064,274,608,,,,,,,,,,
,,,,,,,,,,,,,,,,,,,,,,,,,,,,
237,SB0311-0458,21.05.2013,Megaderma lyra,"Mogalhat,Lalmonirhat",Female,Adult,Good,4,155,113,248,188,128,136,85,715,146,710,,,,,,,,,,
,,,,,,,,,,,,,,,,,,,,,,,,,,,,
238,SB0311-0459,21.05.2013,Megaderma lyra,"Mogalhat,Lalmonirhat",Female,Adult,Good,4,150,143,119,120,85,352,68,736,512,378,,,,,,,,,,
,,,,,,,,,,,,,,,,,,,,,,,,,,,,
239,SB0311-0460,21.05.2013,Megaderma lyra,"Mogalhat,Lalmonirhat",Female,Adult,Good,4,155,450,397,127,710,1520,71,1119,560,1155,392,673,579,123,584,1303,104,1250,850,1503
,,,,,,,,,,,,,,,,,,,,,,,,,,,,
240,SB0311-0461,21.05.2013,Megaderma lyra,"Mogalhat,Lalmonirhat",Female,Adult,Good,4,140,120,163,108,103,140,94,781,493,192,,,,,,,,,,
,,,,,,,,,,,,,,,,,,,,,,,,,,,,
241,SB0311-0462,21.05.2013,Megaderma lyra,"Mogalhat,Lalmonirhat",Male ,Adult,Good,4,137,125,138,109,598,270,84,762,574,273,,,,,,,,,,
,,,,,,,,,,,,,,,,,,,,,,,,,,,,
242,SB0311-0463,21.05.2013,Megaderma lyra,"Mogalhat,Lalmonirhat",Female,Adult,Good,4,209,192,163,148,139,588,83,816,743,936,,,,,,,,,,
,,,,,,,,,,,,,,,,,,,,,,,,,,,,
243,SB0311-0464,21.05.2013,Megaderma lyra,"Mogalhat,Lalmonirhat",Female,Adult,Good,4,147,129,133,129,175,153,114,785,140,198,,,,,,,,,,
,,,,,,,,,,,,,,,,,,,,,,,,,,,,
244,SB0311-0465,21.05.2013,Megaderma lyra,"Mogalhat,Lalmonirhat",Female,Adult,Good,4,115,144,123,125,127,114,87,712,121,207,,,,,,,,,,
,,,,,,,,,,,,,,,,,,,,,,,,,,,,
245,SB0311-0466,21.05.2013,Megaderma lyra,"Mogalhat,Lalmonirhat",Male ,Adult,Good,4,169,153,163,108,124,178,71,707,152,167,,,,,,,,,,
,,,,,,,,,,,,,,,,,,,,,,,,,,,,
246,SB0311-0467,21.05.2013,Megaderma lyra,"Mogalhat,Lalmonirhat",Female,Adult,Good,4,121,122,142,122,121,1738,101,725,151,181,198,151,127,102,101,1517,60,691,141,197
,,,,,,,,,,,,,,,,,,,,,,,,,,,,
247,SB0311-0468,21.05.2013,Megaderma lyra,"Mogalhat,Lalmonirhat",Female,Adult,Good,4,122,140,147,107,90,139,89,740,139,186,,,,,,,,,,
,,,,,,,,,,,,,,,,,,,,,,,,,,,,
248,SB0311-0469,21.05.2013,Megaderma lyra,"Mogalhat,Lalmonirhat",Male ,Adult,Good,4,173,104,112,114,134,295,49,856,131,247,,,,,,,,,,
,,,,,,,,,,,,,,,,,,,,,,,,,,,,
249,SB0311-0470,21.05.2013,Megaderma lyra,"Mogalhat,Lalmonirhat",Female,Adult,Good,4,121,198,162,445,153,373,89,796,196,240,,,,,,,,,,
,,,,,,,,,,,,,,,,,,,,,,,,,,,,
250,SB0311-0471,21.05.2013,Megaderma lyra,"Mogalhat,Lalmonirhat",Male ,Adult,Good,4,157,161,150,111,122,109,66,761,205,260,,,,,,,,,,
,,,,,,,,,,,,,,,,,,,,,,,,,,,,
251,SB0311-0472,21.05.2013,Megaderma lyra,"Mogalhat,Lalmonirhat",Male ,Adult,Good,4,168,369,386,114,179,3605,109,786,653,707,399,540,481,125,322,4474,166,1152,892,1138
,,,,,,,,,,,,,,,,,,,,,,,,,,,,
252,SB0311-0473,21.05.2013,Megaderma lyra,"Mogalhat,Lalmonirhat",Male ,Adult,Fair,4,247,1304,175,163,101,9519,96,892,206,1371,255,1164,151,133,119,7024,102,801,176,678
,,,,,,,,,,,,,,,,,,,,,,,,,,,,
253,SB0311-0474,21.05.2013,Megaderma lyra,"Mogalhat,Lalmonirhat",Male ,Adult,Good,4,230,153,219,139,226,306,91,858,381,210,,,,,,,,,,
,,,,,,,,,,,,,,,,,,,,,,,,,,,,
254,SB0311-0475,21.05.2013,Megaderma lyra,"Mogalhat,Lalmonirhat",Female,Adult,Good,4,146,149,136,112,114,211,87,1010,115,182,,,,,,,,,,
,,,,,,,,,,,,,,,,,,,,,,,,,,,,
255,SB0311-0476,22.05.2013,Megaderma lyra,"Kakoni,Lalmonirhat",Female,Adult,Good,4,134,84,133,122,116,289,91,684,106,137,,,,,,,,,,
,,,,,,,,,,,,,,,,,,,,,,,,,,,,
256,SB0311-0477,22.05.2013,Megaderma lyra,"Kakoni,Lalmonirhat",Male ,Adult,Good,4,133,125,125,124,98,115,67,676,124,192,,,,,,,,,,
,,,,,,,,,,,,,,,,,,,,,,,,,,,,
257,SB0311-0478,22.05.2013,Megaderma lyra,"Kakoni,Lalmonirhat",Female,Adult,Good,4,173,139,152,119,217,152,92,3846,146,186,,,,,,,,,,
,,,,,,,,,,,,,,,,,,,,,,,,,,,,
258,SB0311-0479,22.05.2013,Megaderma lyra,"Kakoni,Lalmonirhat",Female,Adult,Good,4,117,150,135,125,97,144,200,852,118,185,,,,,,,,,,
,,,,,,,,,,,,,,,,,,,,,,,,,,,,
259,SB0311-0480,22.05.2013,Megaderma lyra,"Kakoni,Lalmonirhat",Female,Adult,Good,4,160,149,204,394,131,104,106,1819,172,381,,,,,,,,,,
,,,,,,,,,,,,,,,,,,,,,,,,,,,,
260,SB0311-0481,22.05.2013,Megaderma lyra,"Kakoni,Lalmonirhat",Female,Adult,Good,4,104,133,156,103,106,100,68,877,119,202,,,,,,,,,,
,,,,,,,,,,,,,,,,,,,,,,,,,,,,
261,SB0311-0482,22.05.2013,Megaderma lyra,"Kakoni,Lalmonirhat",Female,Adult,Good,4,148,946,131,118,96,1974,97,1234,137,194,118,610,111,99,75,1989,60,1120,140,142
,,,,,,,,,,,,,,,,,,,,,,,,,,,,
262,SB0311-0483,22.05.2013,Megaderma lyra,"Kakoni,Lalmonirhat",Female,Adult,Good,4,137,161,135,106,85,1302,119,994,190,281,141,136,96,91,76,1074,53,865,190,220
,,,,,,,,,,,,,,,,,,,,,,,,,,,,
263,SB0311-0484,22.05.2013,Megaderma lyra,"Kakoni,Lalmonirhat",Female,Adult,Good,4,127,124,119,122,77,127,73,1028,114,150,,,,,,,,,,
,,,,,,,,,,,,,,,,,,,,,,,,,,,,
264,SB0311-0485,22.05.2013,Megaderma lyra,"Kakoni,Lalmonirhat",Female,Adult,Good,4,173,149,123,9533,110,490,62,1586,126,492,197,169,159,9006,86,620,71,1358,122,353
,,,,,,,,,,,,,,,,,,,,,,,,,,,,
265,SB0311-0486,22.05.2013,Megaderma lyra,"Kakoni,Lalmonirhat",Female,Adult,Good,4,135,162,144,131,118,257,85,789,242,441,,,,,,,,,,
,,,,,,,,,,,,,,,,,,,,,,,,,,,,
266,SB0311-0487,22.05.2013,Megaderma lyra,"Kakoni,Lalmonirhat",Female,Adult,Good,4,144,150,119,125,94,133,73,706,105,133,,,,,,,,,,
,,,,,,,,,,,,,,,,,,,,,,,,,,,,
267,SB0311-0488,22.05.2013,Megaderma lyra,"Kakoni,Lalmonirhat",Female,Adult,Good,4,171,127,126,124,94,138,64,721,997,374,,,,,,,,,,
,,,,,,,,,,,,,,,,,,,,,,,,,,,,
268,SB0311-0489,22.05.2013,Megaderma lyra,"Kakoni,Lalmonirhat",Female,Adult,Good,4,161,163,161,113,104,224,82,1232,142,442,,,,,,,,,,
,,,,,,,,,,,,,,,,,,,,,,,,,,,,
269,SB0311-0490,22.05.2013,Megaderma lyra,"Kakoni,Lalmonirhat",Female,Adult,Good,4,147,122,153,102,105,127,70,766,121,168,,,,,,,,,,
,,,,,,,,,,,,,,,,,,,,,,,,,,,,
270,SB0311-0491,22.05.2013,Megaderma lyra,"Kakoni,Lalmonirhat",Female,Adult,Good,4,119,157,111,100,1104,125,93,876,119,261,186,135,112,109,620,127,82,800,127,297
,,,,,,,,,,,,,,,,,,,,,,,,,,,,
271,SB0311-0492,22.05.2013,Megaderma lyra,"Kakoni,Lalmonirhat",Male ,Adult,Good,4,151,181,131,111,72,121,71,2258,143,338,,,,,,,,,,
,,,,,,,,,,,,,,,,,,,,,,,,,,,,
272,SB0311-0493,22.05.2013,Megaderma lyra,"Kakoni,Lalmonirhat",Male ,Adult,Good,4,157,175,175,125,115,2112,88,745,192,310,200,198,200,122,100,2086,109,714,210,341
,,,,,,,,,,,,,,,,,,,,,,,,,,,,
273,SB0311-0494,22.05.2013,Megaderma lyra,"Kakoni,Lalmonirhat",Female,Adult,Good,4,187,124,366,145,116,217,54,956,119,222,,,,,,,,,,
,,,,,,,,,,,,,,,,,,,,,,,,,,,,
274,SB0311-0495,22.05.2013,Megaderma lyra,"Kakoni,Lalmonirhat",Male ,Adult,Good,4,129,142,128,119,92,97,62,936,284,211,,,,,,,,,,
,,,,,,,,,,,,,,,,,,,,,,,,,,,,
275,SB0311-0496,22.05.2013,Megaderma lyra,"Kakoni,Lalmonirhat",Female,Adult,Good,4,149,144,141,114,106,132,84,716,112,237,,,,,,,,,,
,,,,,,,,,,,,,,,,,,,,,,,,,,,,
276,SB0311-0497,22.05.2013,Megaderma lyra,"Kakoni,Lalmonirhat",Male ,Adult,Good,4,129,129,2199,107,64,187,131,869,170,745,163,134,2114,113,109,177,75,885,218,1032
,,,,,,,,,,,,,,,,,,,,,,,,,,,,
277,SB0311-0498,22.05.2013,Megaderma lyra,"Kakoni,Lalmonirhat",Male ,Adult,Good,4,131,136,143,130,114,408,90,849,157,199,,,,,,,,,,
,,,,,,,,,,,,,,,,,,,,,,,,,,,,
278,SB0311-0499,22.05.2013,Megaderma lyra,"Kakoni,Lalmonirhat",Female,Adult,Good,4,136,129,144,117,88,1185,79,1188,100,209,163,164,122,124,127,1198,85,1292,133,207
,,,,,,,,,,,,,,,,,,,,,,,,,,,,
279,SB0311-0500,22.05.2013,Megaderma lyra,"Kakoni,Lalmonirhat",Male ,Adult,Good,4,153,530,632,136,827,2218,98,1561,1112,920,547,623,784,108,430,1909,139,1572,1677,1232
,,,,,,,,,,,,,,,,,,,,,,,,,,,,
331,ID- S1,09.05.2011,Rousettus leschenaultii,Rajbari,Female,Juvenile,Good,4,137,162,155,111,96,1596,187,1288,110,160,132,117,141,91,55,1319,132,1258,84,135
,,,,,,,,,,,,,,,,,,,,,,,,,,,,
332,ID- S2,09.05.2011,Rousettus leschenaultii,Rajbari,Female,Adult,Good,4,116,176,164,113,94,227,71,2488,155,136,,,,,,,,,,
,,,,,,,,,,,,,,,,,,,,,,,,,,,,
333,ID- S3,09.05.2011,Rousettus leschenaultii,Rajbari,Male ,Juvenile,Good,4,124,150,117,90,92,221,96,1022,119,123,,,,,,,,,,
,,,,,,,,,,,,,,,,,,,,,,,,,,,,
334,ID- S4,09.05.2011,Rousettus leschenaultii,Rajbari,Male ,Juvenile,Good,4,116,160,122,115,102,92,93,1077,118,105,,,,,,,,,,
,,,,,,,,,,,,,,,,,,,,,,,,,,,,
335,ID- S5,09.05.2011,Rousettus leschenaultii,Rajbari,Female,Adult,Good,4,122,113,160,94,112,366,128,1139,92,106,,,,,,,,,,
,,,,,,,,,,,,,,,,,,,,,,,,,,,,
336,ID- S6,09.05.2011,Rousettus leschenaultii,Rajbari,Male ,Adult,Good,4,128,123,185,121,130,100,400,4450,114,230,,,,,,,,,,
,,,,,,,,,,,,,,,,,,,,,,,,,,,,
337,ID- S7,09.05.2011,Rousettus leschenaultii,Rajbari,Male ,Juvenile,Good,4,118,98,125,134,102,86,89,4034,82,135,,,,,,,,,,
,,,,,,,,,,,,,,,,,,,,,,,,,,,,
338,ID- S8,09.05.2011,Rousettus leschenaultii,Rajbari,Male ,Adult,Good,4,117,176,137,114,100,123,74,1840,191,121,,,,,,,,,,
,,,,,,,,,,,,,,,,,,,,,,,,,,,,
339,ID- S9,09.05.2011,Rousettus leschenaultii,Rajbari,Male ,Adult,Good,4,81,127,144,94,84,91,101,1305,109,224,,,,,,,,,,
,,,,,,,,,,,,,,,,,,,,,,,,,,,,
340,ID- S10,09.05.2011,Rousettus leschenaultii,Rajbari,Female,Juvenile,Good,4,144,132,137,84,112,99,88,580,77,104,,,,,,,,,,
,,,,,,,,,,,,,,,,,,,,,,,,,,,,
341,ID- S11,09.05.2011,Rousettus leschenaultii,Rajbari,Female,Juvenile,Good,4,132,112,116,115,91,55,86,719,113,113,,,,,,,,,,
,,,,,,,,,,,,,,,,,,,,,,,,,,,,
342,ID- S12,09.05.2011,Rousettus leschenaultii,Rajbari,Female,Juvenile,Good,4,124,155,104,98,101,76,52,1338,102,125,,,,,,,,,,
,,,,,,,,,,,,,,,,,,,,,,,,,,,,
343,ID- S13,09.05.2011,Rousettus leschenaultii,Rajbari,Female,Adult,Good,4,464,200,233,193,2590,249,184,4231,298,385,3570,192,186,172,278,190,121,2664,247,324
,,,,,,,,,,,,,,,,,,,,,,,,,,,,
344,ID- S14,09.05.2011,Rousettus leschenaultii,Rajbari,Female,Juvenile,Good,4,147,155,123,123,97,105,72,662,87,183,,,,,,,,,,
,,,,,,,,,,,,,,,,,,,,,,,,,,,,
345,ID- S15,09.05.2011,Rousettus leschenaultii,Rajbari,Female,Juvenile,Good,4,108,166,151,132,135,87,102,792,136,386,,,,,,,,,,
,,,,,,,,,,,,,,,,,,,,,,,,,,,,
346,ID- S16,09.05.2011,Rousettus leschenaultii,Rajbari,Female,Adult,Good,4,129,148,110,101,84,108,98,3493,115,113,,,,,,,,,,
,,,,,,,,,,,,,,,,,,,,,,,,,,,,
347,ID- S17,09.05.2011,Rousettus leschenaultii,Rajbari,Female,Juvenile,Good,4,157,132,115,111,71,221,97,4329,108,105,,,,,,,,,,
,,,,,,,,,,,,,,,,,,,,,,,,,,,,
348,ID- S18,09.05.2011,Rousettus leschenaultii,Rajbari,Male ,Juvenile,Good,4,130,134,141,120,86,89,75,2456,90,149,,,,,,,,,,
,,,,,,,,,,,,,,,,,,,,,,,,,,,,
349,ID- S19,09.05.2011,Rousettus leschenaultii,Rajbari,Male ,Juvenile,Good,4,142,145,115,112,101,1105,91,2278,116,149,161,103,147,120,47,645,94,1463,110,152
,,,,,,,,,,,,,,,,,,,,,,,,,,,,
350,ID- S20,09.05.2011,Rousettus leschenaultii,Rajbari,Female,Juvenile,Good,4,117,131,121,130,92,83,84,1360,70,137,,,,,,,,,,
,,,,,,,,,,,,,,,,,,,,,,,,,,,,
351,ID- S21,09.05.2011,Rousettus leschenaultii,Rajbari,Female,Juvenile,Good,4,132,145,139,122,102,117,21,2012,82,150,,,,,,,,,,
,,,,,,,,,,,,,,,,,,,,,,,,,,,,
352,ID- S22,09.05.2011,Rousettus leschenaultii,Rajbari,Female,Juvenile,Good,5,115,138,141,123,102,93,108,1308,123,116,,,,,,,,,,
,,,,,,,,,,,,,,,,,,,,,,,,,,,,
353,ID- S23,09.05.2011,Rousettus leschenaultii,Rajbari,Female,Juvenile,Good,5,466,113,126,113,112,412,204,3571,122,124,,,,,,,,,,
,,,,,,,,,,,,,,,,,,,,,,,,,,,,
354,ID- S24,09.05.2011,Rousettus leschenaultii,Rajbari,Female,Adult,Good,5,132,116,105,109,108,166,68,4905,114,128,,,,,,,,,,
,,,,,,,,,,,,,,,,,,,,,,,,,,,,
355,ID- S25,09.05.2011,Rousettus leschenaultii,Rajbari,Male ,Adult,Good,5,285,139,162,126,127,12947,129,4279,162,431,403,135,124,114,130,12572,97,5683,116,436
,,,,,,,,,,,,,,,,,,,,,,,,,,,,
356,ID- S26,10.05.2011,Rousettus leschenaultii,Rajbari,Female,Adult,Good,5,141,160,414,125,124,219,101,7889,115,188,,,,,,,,,,
,,,,,,,,,,,,,,,,,,,,,,,,,,,,
357,ID- S27,10.05.2011,Rousettus leschenaultii,Rajbari,Male ,Adult,Good,5,134,124,250,112,100,380,77,3662,124,214,,,,,,,,,,
,,,,,,,,,,,,,,,,,,,,,,,,,,,,
358,ID- S28,10.05.2011,Rousettus leschenaultii,Rajbari,Female,Juvenile,Good,5,146,140,133,111,109,228,80,3000,189,260,,,,,,,,,,
,,,,,,,,,,,,,,,,,,,,,,,,,,,,
359,ID- S29,10.05.2011,Rousettus leschenaultii,Rajbari,Female,Juvenile,Good,5,150,112,127,106,104,108,64,4342,141,159,,,,,,,,,,
,,,,,,,,,,,,,,,,,,,,,,,,,,,,
360,ID- S30,10.05.2011,Rousettus leschenaultii,Rajbari,Male ,Juvenile,Good,5,164,136,113,109,110,107,84,1466,150,380,,,,,,,,,,
,,,,,,,,,,,,,,,,,,,,,,,,,,,,
361,ID- S31,10.05.2011,Rousettus leschenaultii,Rajbari,Female,Adult,Good,5,154,101,139,112,115,157,80,707,104,125,,,,,,,,,,
,,,,,,,,,,,,,,,,,,,,,,,,,,,,
362,ID- S32,10.05.2011,Rousettus leschenaultii,Rajbari,Male ,Adult,Good,5,160,125,112,122,91,87,81,1015,160,108,,,,,,,,,,
,,,,,,,,,,,,,,,,,,,,,,,,,,,,
363,ID- S33,10.05.2011,Rousettus leschenaultii,Rajbari,Male ,Adult,Good,5,199,201,224,143,9361,367,304,3767,219,6126,169,216,183,120,10600,338,297,4236,268,6111
,,,,,,,,,,,,,,,,,,,,,,,,,,,,
364,ID- S34,10.05.2011,Rousettus leschenaultii,Rajbari,Female,Adult,Good,5,132,102,118,102,104,491,83,2326,128,190,,,,,,,,,,
,,,,,,,,,,,,,,,,,,,,,,,,,,,,
365,ID- S35,10.05.2011,Rousettus leschenaultii,Rajbari,Female,Adult,Good,5,128,109,147,106,81,137,76,1283,94,136,,,,,,,,,,
,,,,,,,,,,,,,,,,,,,,,,,,,,,,
366,ID- S36,10.05.2011,Rousettus leschenaultii,Rajbari,Male ,Adult,Good,5,706,117,188,304,113,1988,294,2657,383,223,845,167,126,238,147,1994,231,2793,457,211
,,,,,,,,,,,,,,,,,,,,,,,,,,,,
367,ID- S37,10.05.2011,Rousettus leschenaultii,Rajbari,Female,Adult,Good,5,146,159,166,130,91,187,89,1393,159,360,,,,,,,,,,
,,,,,,,,,,,,,,,,,,,,,,,,,,,,
368,ID- S38,10.05.2011,Rousettus leschenaultii,Rajbari,Male ,Adult,Good,5,264,132,179,112,71,1005,78,1815,170,159,334,178,181,116,100,1064,93,2517,191,186
,,,,,,,,,,,,,,,,,,,,,,,,,,,,
369,ID- S39,10.05.2011,Rousettus leschenaultii,Rajbari,Female,Adult,Good,5,156,169,141,114,91,115,90,1456,149,212,,,,,,,,,,
,,,,,,,,,,,,,,,,,,,,,,,,,,,,
370,ID- S40,10.05.2011,Rousettus leschenaultii,Rajbari,Male ,Adult,Good,5,138,131,132,125,67,282,163,2488,144,610,,,,,,,,,,
,,,,,,,,,,,,,,,,,,,,,,,,,,,,
371,ID- S41,10.05.2011,Rousettus leschenaultii,Rajbari,Female,Adult,Good,5,193,147,138,98,126,145,297,1473,248,165,,,,,,,,,,
,,,,,,,,,,,,,,,,,,,,,,,,,,,,
372,ID- S42,10.05.2011,Rousettus leschenaultii,Rajbari,Female,Adult,Good,5,117,151,143,102,98,178,95,4261,257,160,,,,,,,,,,
,,,,,,,,,,,,,,,,,,,,,,,,,,,,
373,ID- S43,10.05.2011,Rousettus leschenaultii,Rajbari,Male ,Juvenile,Good,5,134,96,128,87,107,86,75,636,102,114,,,,,,,,,,
,,,,,,,,,,,,,,,,,,,,,,,,,,,,
374,ID- S44,10.05.2011,Rousettus leschenaultii,Rajbari,Male ,Adult,Good,5,166,130,171,97,72,113,504,944,159,369,,,,,,,,,,
,,,,,,,,,,,,,,,,,,,,,,,,,,,,
375,ID- S45,10.05.2011,Rousettus leschenaultii,Rajbari,Male ,Adult,Good,5,152,165,142,118,138,446,252,3259,200,209,,,,,,,,,,
,,,,,,,,,,,,,,,,,,,,,,,,,,,,
376,ID- S46,10.05.2011,Rousettus leschenaultii,Rajbari,Male ,Juvenile,Good,5,140,118,99,103,81,132,104,1852,115,132,,,,,,,,,,
,,,,,,,,,,,,,,,,,,,,,,,,,,,,
377,ID- S47,10.05.2011,Rousettus leschenaultii,Rajbari,Female,Adult,Good,5,502,153,136,476,96,373,121,5153,151,204,,,,,,,,,,
,,,,,,,,,,,,,,,,,,,,,,,,,,,,
378,ID- S48,10.05.2011,Rousettus leschenaultii,Rajbari,Female,Adult,Good,5,104,140,122,100,125,160,74,3672,87,138,,,,,,,,,,
,,,,,,,,,,,,,,,,,,,,,,,,,,,,
379,ID- S49,10.05.2011,Rousettus leschenaultii,Rajbari,Male ,Juvenile,Good,5,176,1035,145,65,101,674,113,2169,109,408,115,1226,180,94,86,688,99,2654,117,435
,,,,,,,,,,,,,,,,,,,,,,,,,,,,
380,ID- S50,10.05.2011,Rousettus leschenaultii,Rajbari,Female,Adult,Good,5,158,130,131,81,77,91,80,4329,125,126,,,,,,,,,,
,,,,,,,,,,,,,,,,,,,,,,,,,,,,
381,ID-3001,20.09.2010,Rousettus leschenaultii," kanaipur, Faripur",Male ,Adult,Good,5,444,409,702,102,152,5187,188,13564,814,494,399,689,1015,130,228,8161,277,15721,1016,659
,,,,,,,,,,,,,,,,,,,,,,,,,,,,
382,ID-3002,20.09.2010,Rousettus leschenaultii," kanaipur, Faripur",Male ,Adult,Good,5,186,245,170,876,149,3518,116,8872,260,438,144,424,198,1247,172,3393,169,9850,301,544
,,,,,,,,,,,,,,,,,,,,,,,,,,,,
383,ID-3003,20.09.2010,Rousettus leschenaultii," kanaipur, Faripur",Male ,Adult,Good,5,139,260,246,108,169,1194,446,10449,444,338,175,275,202,154,164,1060,501,10263,477,380
,,,,,,,,,,,,,,,,,,,,,,,,,,,,
384,ID-3004,20.09.2010,Rousettus leschenaultii," kanaipur, Faripur",Female,Adult,Good,5,927,738,971,252,266,6234,73,8019,1305,19165,1752,1853,2584,356,457,11808,127,10839,4110,24099
,,,,,,,,,,,,,,,,,,,,,,,,,,,,
385,ID-3005,20.09.2010,Rousettus leschenaultii," kanaipur, Faripur",Male ,Adult,Good,5,1013,6155,7057,161,601,28615,1066,14391,6673,11836,1376,8118,9439,173,718,28525,1418,17381,8656,13588
,,,,,,,,,,,,,,,,,,,,,,,,,,,,
386,ID-3006,20.09.2010,Rousettus leschenaultii," kanaipur, Faripur",male ,Adult,Good,5,170,223,1382,99,128,1977,99,7114,275,538,177,255,2436,125,113,2222,100,8309,313,695
,,,,,,,,,,,,,,,,,,,,,,,,,,,,
387,ID-3007,20.09.2010,Rousettus leschenaultii," kanaipur, Faripur",Male ,Adult,Good,5,4426,412,284,127,329,4389,237,11801,373,3171,6019,520,337,139,314,5600,379,14605,435,4523
,,,,,,,,,,,,,,,,,,,,,,,,,,,,
388,ID-3008,20.09.2010,Rousettus leschenaultii," kanaipur, Faripur",Male ,Adult,Good,5,213,509,651,139,368,8497,1027,2911,711,2856,263,771,1051,162,459,8846,753,3177,1107,3256
,,,,,,,,,,,,,,,,,,,,,,,,,,,,
389,ID-3009,20.09.2010,Rousettus leschenaultii," kanaipur, Faripur",Male ,Adult,Good,5,188,296,302,116,190,3726,156,4658,325,1140,164,270,315,110,226,3189,139,4412,373,1206
,,,,,,,,,,,,,,,,,,,,,,,,,,,,
390,ID-3010,20.09.2010,Rousettus leschenaultii," kanaipur, Faripur",Male ,Adult,Good,5,188,210,203,116,114,2939,217,5471,1095,1014,179,254,253,110,140,3965,165,5845,1520,1261
,,,,,,,,,,,,,,,,,,,,,,,,,,,,
391,ID-3011,20.09.2010,Rousettus leschenaultii," kanaipur, Faripur",Male ,Adult,Good,5,323,1150,1310,142,270,713,458,9398,1245,1235,288,914,1202,166,239,696,472,10031,1290,1176
,,,,,,,,,,,,,,,,,,,,,,,,,,,,
392,ID-3012,20.09.2010,Rousettus leschenaultii," kanaipur, Faripur",Female,Adult,Good,5,139,156,127,96,89,129,84,2888,137,125,188,155,148,107,131,118,77,3578,156,158
,,,,,,,,,,,,,,,,,,,,,,,,,,,,
393,ID-3013,20.09.2010,Rousettus leschenaultii," kanaipur, Faripur",Male ,Adult,Good,5,116,147,189,114,107,21009,606,1906,154,227,162,168,190,118,131,22247,640,2341,133,265
,,,,,,,,,,,,,,,,,,,,,,,,,,,,
394,ID-3014,20.09.2010,Rousettus leschenaultii," kanaipur, Faripur",Male ,Adult,Good,5,153,164,154,90,105,1887,134,6812,97,323,124,174,152,115,95,2247,143,6757,100,367
,,,,,,,,,,,,,,,,,,,,,,,,,,,,
396,ID-3016,20.09.2010,Rousettus leschenaultii," kanaipur, Faripur",Male ,Adult,Good,5,351,1499,1651,204,564,1129,281,4203,1778,12141,447,2129,2609,213,998,1740,571,6639,3057,16461
,,,,,,,,,,,,,,,,,,,,,,,,,,,,
397,ID-3019,20.09.2010,Rousettus leschenaultii," kanaipur, Faripur",Female,Adult,Good,5,166,371,256,139,112,805,332,12364,470,340,197,347,269,156,132,806,262,12539,479,324
,,,,,,,,,,,,,,,,,,,,,,,,,,,,
398,ID-3020,20.09.2010,Rousettus leschenaultii," kanaipur, Faripur",Female,Adult,Good,5,156,120,139,86,92,3186,541,4739,105,122,139,94,137,113,58,3882,733,4831,106,138
,,,,,,,,,,,,,,,,,,,,,,,,,,,,
399,ID-3021,20.09.2010,Rousettus leschenaultii," kanaipur, Faripur",Female,Adult,Good,5,369,122,141,84,80,323,65,2170,150,112,531,155,104,86,90,399,148,2945,174,171
,,,,,,,,,,,,,,,,,,,,,,,,,,,,
400,ID-3023,20.09.2010,Rousettus leschenaultii," kanaipur, Faripur",Male ,Adult,Good,5,122,108,142,118,101,120,81,835,118,134,108,116,112,114,94,126,79,753,107,153